method,side,wind_state,intensity_year_inv,ci_low,ci_high,bandwidth,local_exposure_years,local_observations,weighted_event_count_proxy,monotone_increasing_projection
corrected low-price negative spikes,negative,0.01,1.8829279077682228,0.32677496294922426,3.4390808525872214,0.25,7.340044631013698,27799,3.45519372,1.6297465640426327
corrected low-price negative spikes,negative,0.014499227777777783,1.8830576317542815,0.332979244129638,3.4331360193789253,0.25,7.471429985313089,28042,3.517283313490398,1.6297465640426327
corrected low-price negative spikes,negative,0.018998455555555564,1.8824703823887818,0.33838567370789474,3.4265550910696687,0.25,7.5994989162199476,28272,3.5764579076949246,1.6297465640426327
corrected low-price negative spikes,negative,0.023497683333333345,1.8811585189485178,0.3430603931841514,3.4192566447128843,0.25,7.7244261257559605,28521,3.63271750261358,1.6297465640426327
corrected low-price negative spikes,negative,0.027996911111111127,1.8792617941852563,0.34708766845406647,3.411435919916446,0.25,7.845766054844821,28741,3.6860620982463645,1.6297465640426327
corrected low-price negative spikes,negative,0.03249613888888891,1.876795576558025,0.3505220262570894,3.403069126858961,0.25,7.963556055360846,28973,3.736491694593278,1.6297465640426327
corrected low-price negative spikes,negative,0.036995366666666696,1.8738013828844509,0.35341629571607314,3.3941864700528286,0.25,8.077710532648622,29187,3.7840062916543205,1.6297465640426327
corrected low-price negative spikes,negative,0.04149459444444448,1.870341693930929,0.3558217642785355,3.3848616235833227,0.25,8.188035163527463,29411,3.8286058894294914,1.6297465640426327
corrected low-price negative spikes,negative,0.04599382222222226,1.8664685780954013,0.3577830411027698,3.3751541150880326,0.25,8.294359805120637,29599,3.8702904879187914,1.6297465640426327
corrected low-price negative spikes,negative,0.05049305000000004,1.8622456433257255,0.35934279969987415,3.365148486951577,0.25,8.396443511375125,29791,3.9090600871222208,1.6297465640426327
corrected low-price negative spikes,negative,0.05499227777777782,1.8576736335874247,0.36052790038556326,3.354819366789286,0.25,8.494311628725875,29976,3.9449146870397778,1.6297465640426327
corrected low-price negative spikes,negative,0.0594915055555556,1.8527716093991393,0.36136532192822113,3.3441778968700575,0.25,8.587899917057769,30170,3.977854287671464,1.6297465640426327
corrected low-price negative spikes,negative,0.06399073333333338,1.847570590864353,0.36188141535068996,3.333259766378016,0.25,8.677078773249503,30353,4.00787888901728,1.6297465640426327
corrected low-price negative spikes,negative,0.06848996111111116,1.8420703182489104,0.3620937794170158,3.322046857080805,0.25,8.761855508128317,30549,4.0349884910772245,1.6297465640426327
corrected low-price negative spikes,negative,0.07298918888888895,1.8363069984785074,0.36202479167101753,3.3105892052859973,0.25,8.842057667295457,30718,4.059183093851298,1.6297465640426327
corrected low-price negative spikes,negative,0.07748841666666673,1.8302751437622005,0.36168650498415333,3.2988637825402476,0.25,8.917703354593897,30919,4.080462697339501,1.6297465640426327
corrected low-price negative spikes,negative,0.08198764444444451,1.8239473386752747,0.3610846631092677,3.286810014241282,0.25,8.988915885079868,31098,4.0988273015418315,1.6297465640426327
corrected low-price negative spikes,negative,0.08648687222222229,1.8173186186760348,0.36022765779190213,3.2744095795601673,0.25,9.055708479904645,31303,4.114276906458291,1.6297465640426327
corrected low-price negative spikes,negative,0.09098610000000007,1.8104321302338082,0.3591318143274731,3.2617324461401433,0.25,9.117848591332551,31489,4.12681151208888,1.6297465640426327
corrected low-price negative spikes,negative,0.09548532777777785,1.8032914133397744,0.35780412662206085,3.248778700057488,0.25,9.175291553732288,31677,4.136431118433598,1.6297465640426327
corrected low-price negative spikes,negative,0.09998455555555563,1.795886243120687,0.3562474498577697,3.2355250363836046,0.25,9.228058272316789,31880,4.143135725492444,1.6297465640426327
corrected low-price negative spikes,negative,0.10448378333333341,1.7881985695109879,0.3544617626293558,3.22193537639262,0.25,9.276207696328635,32070,4.14692533326542,1.6297465640426327
corrected low-price negative spikes,negative,0.1089830111111112,1.7802823398779541,0.352460047931757,3.2081046318241513,0.25,9.319420518515898,32241,4.147799941752525,1.6297465640426327
corrected low-price negative spikes,negative,0.11348223888888898,1.7721330153314656,0.3502424392898169,3.1940235913731145,0.25,9.357671269790819,32413,4.145759550953757,1.6297465640426327
corrected low-price negative spikes,negative,0.11798146666666677,1.7637371849854684,0.3478061023931962,3.179668267577741,0.25,9.390977740038375,32603,4.14080416086912,1.6297465640426327
corrected low-price negative spikes,negative,0.12248069444444455,1.7551087537651058,0.3451523850478131,3.1650651224823987,0.25,9.41920838268861,32765,4.132933771498611,1.6297465640426327
corrected low-price negative spikes,negative,0.12697992222222235,1.7462884932205478,0.34228664245413376,3.1502903439869616,0.25,9.442078783305877,32918,4.122148382842231,1.6297465640426327
corrected low-price negative spikes,negative,0.13147915000000013,1.737260350818541,0.3392017504629652,3.1353189511741166,0.25,9.459602282327372,33083,4.10844799489998,1.6297465640426327
corrected low-price negative spikes,negative,0.1359783777777779,1.728022218958242,0.3358920148981044,3.1201524230183795,0.25,9.471712950863942,33233,4.091832607671857,1.6297465640426327
corrected low-price negative spikes,negative,0.1404776055555557,1.7185912481397394,0.3323540799424609,3.1048284163370177,0.25,9.478233350870045,33373,4.072302221157864,1.6297465640426327
corrected low-price negative spikes,negative,0.14497683333333347,1.708927389958508,0.3285720333062949,3.089282746610721,0.25,9.47929527996231,33544,4.049856835357999,1.6297465640426327
corrected low-price negative spikes,negative,0.14947606111111125,1.6990462061157119,0.3245391773627706,3.073553234868653,0.25,9.474719253157685,33677,4.024496450272264,1.6297465640426327
corrected low-price negative spikes,negative,0.15397528888888903,1.6889386477786152,0.320242347007079,3.0576349485501515,0.25,9.464455256931224,33820,3.9962210659006567,1.6297465640426327
corrected low-price negative spikes,negative,0.15847451666666681,1.6785979134239126,0.3156669622299977,3.0415288646178276,0.25,9.448434674044186,33967,3.9650306822431793,1.6297465640426327
corrected low-price negative spikes,negative,0.1629737444444446,1.6679994121395834,0.3107930900975715,3.025205734181595,0.25,9.426682697106077,34101,3.9309252992998296,1.6297465640426327
corrected low-price negative spikes,negative,0.16747297222222238,1.6571508120188319,0.3056046189299073,3.0086970051077566,0.25,9.399035715589076,34243,3.8939049170706097,1.6297465640426327
corrected low-price negative spikes,negative,0.17197220000000016,1.6460744128421667,0.3000854715887322,2.992063354095601,0.25,9.36523769639582,34346,3.853969535555519,1.6297465640426327
corrected low-price negative spikes,negative,0.17647142777777794,1.6347193354796947,0.2942032846593705,2.975235386300019,0.25,9.325439718093785,34500,3.811119154754556,1.6297465640426327
corrected low-price negative spikes,negative,0.18097065555555572,1.6230474322651238,0.28792514357163235,2.9581697209586153,0.25,9.279713457080666,34618,3.7653537746677226,1.6297465640426327
corrected low-price negative spikes,negative,0.1854698833333335,1.611075750623387,0.28122447776929893,2.9409270234774754,0.25,9.227805443305554,34749,3.716673395295018,1.6297465640426327
corrected low-price negative spikes,negative,0.18996911111111128,1.5987694803501173,0.27406140999069306,2.9234775507095416,0.25,9.169747262960813,34878,3.6650780166364427,1.6297465640426327
corrected low-price negative spikes,negative,0.19446833888888906,1.5860637160067759,0.26638661509148975,2.905740816922062,0.25,9.10573163550403,35032,3.610567638691995,1.6297465640426327
corrected low-price negative spikes,negative,0.19896756666666685,1.5729462833229206,0.2581548490756813,2.88773771757016,0.25,9.035635352926363,35161,3.5531422614616774,1.6297465640426327
corrected low-price negative spikes,negative,0.20346679444444463,1.5593933151144528,0.2493128909401412,2.8694737392887646,0.25,8.959386579617682,35288,3.492801884945489,1.6297465640426327
corrected low-price negative spikes,negative,0.2079660222222224,1.5454018546256332,0.23980387724812258,2.8509998320031436,0.25,8.876775963166475,35402,3.429546509143428,1.6297465640426327
corrected low-price negative spikes,negative,0.2124652500000002,1.5309227524762514,0.22955555218665635,2.8322899527658465,0.25,8.787840218888306,35535,3.363376134055497,1.6297465640426327
corrected low-price negative spikes,negative,0.21696447777777797,1.515893582725615,0.2184848557641439,2.813302309687086,0.25,8.692670243404493,35669,3.294290759681695,1.6297465640426327
corrected low-price negative spikes,negative,0.22146370555555575,1.500314455548194,0.20650727581589345,2.7941216352804945,0.25,8.590973376563626,35770,3.2222903860220216,1.6297465640426327
corrected low-price negative spikes,negative,0.22596293333333356,1.4841438771035587,0.19351927094346366,2.774768483263654,0.25,8.482668187720087,35873,3.1473750130764766,1.6297465640426327
corrected low-price negative spikes,negative,0.23046216111111134,1.4673324588828807,0.17940143609800807,2.755263481667753,0.25,8.367686879037588,35980,3.0695446408450606,1.6297465640426327
corrected low-price negative spikes,negative,0.23496138888888912,1.449825517241505,0.1640163043269598,2.7356347301560504,0.25,8.24595576166815,36078,2.9887992693277736,1.6297465640426327
corrected low-price negative spikes,negative,0.2394606166666669,1.4315240311406638,0.14720117261913512,2.715846889662193,0.25,8.117611259965367,36203,2.905138898524616,1.6297465640426327
corrected low-price negative spikes,negative,0.24395984444444468,1.4123515417116248,0.1287725924332428,2.6959304909900066,0.25,7.982611822039088,36300,2.818563528435587,1.6297465640426327
corrected low-price negative spikes,negative,0.24845907222222247,1.392244185153884,0.10851955520821055,2.6759688150995578,0.25,7.840788816105684,36405,2.7290731590606865,1.6297465640426327
corrected low-price negative spikes,negative,0.25295830000000025,1.3724391723338842,0.08791576304435522,2.6569625816234135,0.25,7.694392244130255,36084,2.6400213307865963,1.6297465640426327
corrected low-price negative spikes,negative,0.25745752777777803,1.3631005340054694,0.07805399613479369,2.648147071876145,0.25,7.547497687815582,35667,2.5719995321666165,1.6297465640426327
corrected low-price negative spikes,negative,0.2619567555555558,1.352035587605591,0.06706186594815655,2.6370093092630253,0.25,7.400836458469959,35158,2.5015485674750777,1.6297465640426327
corrected low-price negative spikes,negative,0.2664559833333336,1.3477208187352312,0.06343269322639222,2.6320089442440704,0.25,7.2552702362687755,34626,2.444519685742377,1.6297465640426327
corrected low-price negative spikes,negative,0.27095521111111137,1.3475726036095843,0.06410692076182878,2.63103828645734,0.25,7.111085623362896,34073,2.395676041991455,1.6297465640426327
corrected low-price negative spikes,negative,0.27545443888888915,1.3454118567005138,0.062836068975761,2.6279876444252666,0.25,6.968624179373239,33459,2.343917398954661,1.6297465640426327
corrected low-price negative spikes,negative,0.27995366666666693,1.3412060934588215,0.05958738984135148,2.6228247970762917,0.25,6.828378732723457,32829,2.2895657911933314,1.6297465640426327
corrected low-price negative spikes,negative,0.2844528944444447,1.3507097898853127,0.07043809124976774,2.630981488520858,0.25,6.690471172362864,32232,2.2592212278639963,1.6297465640426327
corrected low-price negative spikes,negative,0.2889521222222225,1.3586470104647508,0.08046926860536208,2.6368247523241397,0.25,6.5548961027088355,31630,2.2264474984631013,1.6297465640426327
corrected low-price negative spikes,negative,0.2934513500000003,1.3649510531790519,0.08958142911026257,2.640320677247841,0.25,6.4214598696037015,31058,2.1912446029906474,1.6297465640426327
corrected low-price negative spikes,negative,0.29795057777777806,1.3694147447999523,0.09765170723386984,2.641177782366035,0.25,6.2906071360031675,30423,2.153612541446634,1.6297465640426327
corrected low-price negative spikes,negative,0.30244980555555584,1.371882240512441,0.10454266582168148,2.6392218152032,0.25,6.162486112631895,29826,2.1135513138310618,1.6297465640426327
corrected low-price negative spikes,negative,0.3069490333333336,1.372322287725218,0.11010756703160185,2.634537008418834,0.25,6.036660451174199,29230,2.0710609201439305,1.6297465640426327
corrected low-price negative spikes,negative,0.3114482611111114,1.3780462824370219,0.12155690841686106,2.6345356564571825,0.25,5.913269997346092,28628,2.03718993422229,1.6297465640426327
corrected low-price negative spikes,negative,0.3159474888888892,1.3923382075359538,0.14144262276335406,2.6432337923085534,0.25,5.792828407903676,28010,2.0163940805059895,1.6297465640426327
corrected low-price negative spikes,negative,0.32044671666666696,1.4044119287055843,0.1586736064289691,2.6501502509821995,0.25,5.675495021864221,27443,1.9926832275038182,1.6297465640426327
corrected low-price negative spikes,negative,0.32494594444444475,1.4142991865328562,0.17291524113334522,2.655683131932367,0.25,5.560513345229451,26917,1.966057375215776,1.6297465640426327
corrected low-price negative spikes,negative,0.3294451722222225,1.4217728130629927,0.18376760018533678,2.659778025940649,0.25,5.448174295779177,26371,1.9365165236418624,1.6297465640426327
corrected low-price negative spikes,negative,0.3339444000000003,1.4268005862133537,0.19081410981363822,2.662787062613069,0.25,5.3379867969786705,25876,1.9040606727820775,1.6297465640426327
corrected low-price negative spikes,negative,0.3384436277777781,1.429152639729889,0.1935706472949248,2.664734632164853,0.25,5.230203606494,25310,1.8686898226364217,1.6297465640426327
corrected low-price negative spikes,negative,0.34294285555555587,1.428469508195035,0.19149186952269015,2.66544714686738,0.25,5.125496799767832,24754,1.830403973204895,1.6297465640426327
corrected low-price negative spikes,negative,0.34744208333333365,1.429216279362522,0.18849822939859617,2.669934329326448,0.25,5.023298433281143,24255,1.7948449742354153,1.6297465640426327
corrected low-price negative spikes,negative,0.35194131111111143,1.4522920845812934,0.2041110381081528,2.700473131054434,0.25,4.9240544610172545,23697,1.7877913294456413,1.6297465640426327
corrected low-price negative spikes,negative,0.3564405388888892,1.4860686474351232,0.22459637578572367,2.747540919084523,0.25,4.827474949529213,23182,1.7934897921934545,1.6297465640426327
corrected low-price negative spikes,negative,0.360939766666667,1.5171106439287265,0.2357064360446195,2.7985148518128335,0.25,4.733475693183827,22672,1.7953015892267727,1.6297465640426327
corrected low-price negative spikes,negative,0.3654389944444448,1.5450791942626458,0.23675747123285218,2.8534009172924395,0.25,4.642420213033476,22141,1.7932267205455958,1.6297465640426327
corrected low-price negative spikes,negative,0.36993822222222256,1.5788959619409761,0.236180172050793,2.9216117518311595,0.25,4.554215871894252,21645,1.7976582624853341,1.6297465640426327
corrected low-price negative spikes,negative,0.37443745000000034,1.6417276305428778,0.2559794271888798,3.027475833896876,0.25,4.468281475005278,21221,1.8339252896397626,1.6417276305428778
corrected low-price negative spikes,negative,0.3789366777777781,1.7095119597431794,0.2728670577249752,3.1461568617613835,0.25,4.38454309036819,20732,1.8738572127484352,1.7095119597431794
corrected low-price negative spikes,negative,0.3834359055555559,1.8111803803513937,0.31654765292296627,3.305813107779821,0.25,4.302883384292437,20314,1.9483244911426172,1.8111803803513937
corrected low-price negative spikes,negative,0.3879351333333337,1.9269904017406314,0.3673020095894932,3.4866787938917696,0.25,4.223671831441061,19885,2.0347437698223,1.9269904017406314
corrected low-price negative spikes,negative,0.39243436111111146,2.0423921267286334,0.41061123454688864,3.674173018910378,0.25,4.146659899592933,19489,2.117276382787488,2.0423921267286334
corrected low-price negative spikes,negative,0.39693358888888924,2.1574690787862227,0.4467287196070393,3.8682094379654064,0.25,4.071293260478323,19118,2.195922330038181,2.1574690787862227
corrected low-price negative spikes,negative,0.401432816666667,2.2720389150801643,0.47585163026561306,4.068226199894715,0.25,3.9976104220807556,18747,2.2706816115743793,2.2720389150801643
corrected low-price negative spikes,negative,0.4059320444444448,2.385805848663357,0.49813261009055787,4.273479087236156,0.25,3.925808512386594,18353,2.3415542273960823,2.385805848663357
corrected low-price negative spikes,negative,0.4104312722222226,2.498442967355984,0.5136910888055546,4.4831948459064135,0.25,3.8560658921939144,17982,2.408540177503291,2.498442967355984
corrected low-price negative spikes,negative,0.41493050000000037,2.6099416431678057,0.5226821828815882,4.697201103454024,0.25,3.788037894818312,17668,2.471639461896005,2.6099416431678057
corrected low-price negative spikes,negative,0.41942972777777815,2.7202014209899996,0.5252064068936515,4.915196435086347,0.25,3.7215657061941196,17363,2.530852080574224,2.7202014209899996
corrected low-price negative spikes,negative,0.42392895555555593,2.839730611980206,0.5321272875140286,5.147333936446383,0.25,3.6566617944305246,17009,2.595983608825708,2.839730611980206
corrected low-price negative spikes,negative,0.4284281833333337,2.988870589165189,0.5651400142403742,5.412601164090004,0.25,3.5935585122769305,16684,2.6851703369471824,2.988870589165189
corrected low-price negative spikes,negative,0.4329274111111115,3.158731481578245,0.6147079865172085,5.702754976639281,0.25,3.5319899862652937,16383,2.789151990558824,3.158731481578245
corrected low-price negative spikes,negative,0.4374266388888893,3.3572682087649843,0.6880028746172742,6.026533542912695,0.25,3.4718714296171345,16096,2.9140008938932604,3.3572682087649843
corrected low-price negative spikes,negative,0.4419258666666671,3.556476417976424,0.7565767580115401,6.356376077941308,0.25,3.4129030441039263,15813,3.0344772982988912,3.556476417976424
corrected low-price negative spikes,negative,0.4464250944444449,3.7756703694201303,0.8404337990837596,6.7109069397565015,0.25,3.355187899631768,15559,3.1670208841191574,3.7756703694201303
corrected low-price negative spikes,negative,0.4509243222222227,4.009471337677832,0.9353166952513954,7.0836259801042685,0.25,3.2984745919653493,15297,3.3062848336359125,4.009471337677832
corrected low-price negative spikes,negative,0.45542355000000045,4.245132086815265,1.0290325509635871,7.4612316226669435,0.25,3.242925823794696,15039,3.441662117438173,4.245132086815265
corrected low-price negative spikes,negative,0.45992277777777824,4.482828525351139,1.121801016608476,7.843856034093802,0.25,3.1883019529470435,14810,3.5731527355259383,4.482828525351139
corrected low-price negative spikes,negative,0.464422005555556,4.722242412575315,1.2136984758836298,8.230786349267,0.25,3.134745203290799,14539,3.7007566878992098,4.722242412575315
corrected low-price negative spikes,negative,0.4689212333333338,4.96280620017177,1.304708644547342,8.6209037557962,0.25,3.082509225869521,14319,3.824473974557985,4.96280620017177
corrected low-price negative spikes,negative,0.4734204611111116,5.2052561155074875,1.3951372674503202,9.015374963564655,0.25,3.0310167322998023,14103,3.944304595502267,5.2052561155074875
corrected low-price negative spikes,negative,0.47791968888888936,5.449030625224282,1.484937844692563,9.413123405756,0.25,2.9805290738771966,13840,4.0602485507320525,5.449030625224282
corrected low-price negative spikes,negative,0.48241891666666714,5.694125449091235,1.5741959577175093,9.81405494046496,0.25,2.930954632138097,13613,4.172305840247344,5.694125449091235
corrected low-price negative spikes,negative,0.4869181444444449,5.940464277543387,1.6629670515286161,10.217961503558158,0.25,2.8822504532041626,13386,4.280476464048141,5.940464277543387
corrected low-price negative spikes,negative,0.4914173722222227,6.186920832444228,1.7509996221122233,10.622842042776233,0.25,2.8348579468744766,13155,4.384760422134443,6.186920832444228
corrected low-price negative spikes,negative,0.4959166000000005,6.4342261176221855,1.838552831689027,11.029899403555344,0.25,2.7883121497531533,12917,4.485157714506251,6.4342261176221855
corrected low-price negative spikes,negative,0.5004158277777783,6.682508392882324,1.9257143472835843,11.439302438481064,0.25,2.742484152234565,12704,4.581668341163562,6.682508392882324
corrected low-price negative spikes,negative,0.504915055555556,6.931734987848459,2.0125204476231424,11.850949528073775,0.25,2.697328914218767,12483,4.67429230210638,6.931734987848459
corrected low-price negative spikes,negative,0.5094142833333338,7.181450579943035,2.0988782114191284,12.264022948466941,0.25,2.6529624032433206,12284,4.763029597334703,7.181450579943035
corrected low-price negative spikes,negative,0.5139135111111116,7.432241892323755,2.184993051434313,12.679490733213196,0.25,2.6091078826998717,12081,4.84788022684853,7.432241892323755
corrected low-price negative spikes,negative,0.5184127388888894,7.683559443264568,2.270734274369673,13.096384612159463,0.25,2.5659171258021587,11870,4.9288441906478635,7.683559443264568
corrected low-price negative spikes,negative,0.5229119666666672,7.9347325412001055,2.355927935843571,13.51353714655664,0.25,2.5235489477383544,11651,5.005921488732701,7.9347325412001055
corrected low-price negative spikes,negative,0.527411194444445,8.186263318773364,2.440743053178122,13.931783584368606,0.25,2.4817731476852143,11461,5.079112121103045,8.186263318773364
corrected low-price negative spikes,negative,0.5319104222222227,8.437917093346455,2.5251277117680626,14.350706474924847,0.25,2.440609942384274,11262,5.148416087758893,8.437917093346455
corrected low-price negative spikes,negative,0.5364096500000005,8.689074869748513,2.6089107638613145,14.769238975635712,0.25,2.4001788300167566,11078,5.213833388700247,8.689074869748513
corrected low-price negative spikes,negative,0.5409088777777783,8.93987922481058,2.692145582100964,15.187612867520198,0.25,2.3603737326949767,10903,5.275364023927106,8.93987922481058
corrected low-price negative spikes,negative,0.5454081055555561,9.190585339729276,2.77491781292471,15.606252866533843,0.25,2.3210743587291742,10724,5.33300799343947,9.190585339729276
corrected low-price negative spikes,negative,0.5499073333333339,9.441982241143075,2.857526928903111,16.02643755338304,0.25,2.282067116423581,10565,5.386809296592009,9.441982241143075
corrected low-price negative spikes,negative,0.5544065611111116,9.741062750748648,2.986706651471117,16.49541885002618,0.25,2.243464284202836,10402,5.463431592870806,9.741062750748648
corrected low-price negative spikes,negative,0.5589057888888894,10.04108052908715,3.1150202012302897,16.96714085694401,0.25,2.2052134226729687,10231,5.535681390220795,10.04108052908715
corrected low-price negative spikes,negative,0.5634050166666672,10.342451591016003,3.2426414605017406,17.442261721530265,0.25,2.167207122732689,10064,5.603558688641978,10.342451591016003
corrected low-price negative spikes,negative,0.567904244444445,10.644975830813564,3.3695485103620806,17.92040315126505,0.25,2.129479137652955,9886,5.667063488134355,10.644975830813564
corrected low-price negative spikes,negative,0.5724034722222228,10.948604167979662,3.4957591075615833,18.40144922839774,0.25,2.0920276962591386,9740,5.726195788697924,10.948604167979662
corrected low-price negative spikes,negative,0.5769027000000005,11.252932076640587,3.6211702409458857,18.884693912335287,0.25,2.054915305970109,9563,5.780955590332686,11.252932076640587
corrected low-price negative spikes,negative,0.5814019277777783,11.55673166022468,3.745402591393389,19.36806072905597,0.25,2.01833634784777,9391,5.831342893038643,11.55673166022468
corrected low-price negative spikes,negative,0.5859011555555561,11.859186262683552,3.8681954687686524,19.850177056598454,0.25,1.9823814439308205,9208,5.877357696815793,11.859186262683552
corrected low-price negative spikes,negative,0.5904003833333339,12.160735137141309,3.9896900374304476,20.33178023685217,0.25,1.946921772380793,9036,5.919000001664136,12.160735137141309
corrected low-price negative spikes,negative,0.5948996111111117,12.46153086479409,4.109932533172909,20.81312919641527,0.25,1.9118902395567243,8870,5.956269807583672,12.46153086479409
corrected low-price negative spikes,negative,0.5993988388888895,12.761026292787978,4.22873401928571,21.293318566290246,0.25,1.8773308594965405,8673,5.989167114574402,12.761026292787978
corrected low-price negative spikes,negative,0.6038980666666672,13.057632047359629,4.345550845299881,21.769713249419375,0.25,1.8434251787185734,8488,6.017691922636324,13.057632047359629
corrected low-price negative spikes,negative,0.608397294444445,13.352368284811925,4.4606983401694595,22.24403822945439,0.25,1.8099693186689365,8327,6.041844231769439,13.352368284811925
corrected low-price negative spikes,negative,0.6128965222222228,13.645348383203466,4.574188661883966,22.716508104522966,0.25,1.7769056155239578,8151,6.061624041973749,13.645348383203466
corrected low-price negative spikes,negative,0.6173957500000006,13.935366527483344,4.685585609061253,23.185147445905436,0.25,1.7443477618659329,7976,6.077031353249252,13.935366527483344
corrected low-price negative spikes,negative,0.6218949777777784,14.222083767839345,4.794734980893711,23.64943255478498,0.25,1.7122852782974043,7816,6.088066165595947,14.222083767839345
corrected low-price negative spikes,negative,0.6263942055555561,14.506758564267109,4.90201558409278,24.11150154444144,0.25,1.6805211038739716,7671,6.094728479013838,14.506758564267109
corrected low-price negative spikes,negative,0.6308934333333339,14.788514796024801,5.007080608095574,24.569948983954028,0.25,1.6491225461374441,7528,6.097018293502921,14.788514796024801
corrected low-price negative spikes,negative,0.6353926611111117,15.066836343600368,5.109695461142339,25.0239772260584,0.25,1.6181062752837339,7375,6.094935609063196,15.066836343600368
corrected low-price negative spikes,negative,0.6398918888888895,15.34271631563819,5.2101288789868345,25.47530375228955,0.25,1.587327902162652,7246,6.088480425694666,15.34271631563819
corrected low-price negative spikes,negative,0.6443911166666673,15.614305587219171,5.307675845542983,25.92093532889536,0.25,1.5569447413331245,7084,6.077652743397328,15.614305587219171
corrected low-price negative spikes,negative,0.648890344444445,15.880512261316447,5.40187641881584,26.359148103817056,0.25,1.527016877645388,6969,6.0624525621711856,15.880512261316447
corrected low-price negative spikes,negative,0.6533895722222228,16.14197421971501,5.492847806465527,26.791100632964493,0.25,1.497432668337621,6821,6.0428798820162335,16.14197421971501
corrected low-price negative spikes,negative,0.6578888000000006,16.399054671995117,5.580602082577929,27.217507261412305,0.25,1.4681174795303515,6682,6.0189347029324765,16.399054671995117
corrected low-price negative spikes,negative,0.6623880277777784,16.65067995157128,5.664648530984136,27.636711372158423,0.25,1.4391285022218192,6544,5.990617024919913,16.65067995157128
corrected low-price negative spikes,negative,0.6668872555555562,16.897623320450307,5.745109273084992,28.050137367815623,0.25,1.4103585421431373,6405,5.957926847978543,16.897623320450307
corrected low-price negative spikes,negative,0.671386483333334,17.141254388358192,5.82229048204854,28.460218294667843,0.25,1.3816641508172547,6297,5.920864172108365,17.141254388358192
corrected low-price negative spikes,negative,0.6758857111111117,17.380347002540873,5.895594724881867,28.86509928019988,0.25,1.3531211998126054,6146,5.879428997309381,17.380347002540873
corrected low-price negative spikes,negative,0.6803849388888895,17.611017857324907,5.963502997540131,29.25853271710968,0.25,1.3249935627440699,6024,5.833621323581591,17.611017857324907
corrected low-price negative spikes,negative,0.6848841666666673,17.83627753781745,6.02680977715892,29.645745298475976,0.25,1.2970063150593227,5889,5.783441150924994,17.83627753781745
corrected low-price negative spikes,negative,0.6893833944444451,18.053887987184122,6.0845022541775045,30.02327372019074,0.25,1.2692863683227333,5772,5.728888479339589,18.053887987184122
corrected low-price negative spikes,negative,0.6938826222222229,18.26055547254544,6.135187126233792,30.38592381885709,0.25,1.2420133259034996,5608,5.669963308825379,18.26055547254544
corrected low-price negative spikes,negative,0.6983818500000006,18.454664257637422,6.178010555110474,30.73131796016437,0.25,1.2152300494032675,5484,5.60666563938236,18.454664257637422
corrected low-price negative spikes,negative,0.7028810777777784,18.636004150381837,6.212555682815443,31.05945261794823,0.25,1.1888804974100733,5357,5.538995471010537,18.636004150381837
corrected low-price negative spikes,negative,0.7073803055555562,18.80564031193731,6.23878480234249,31.37249582153213,0.25,1.1628325785300984,5245,5.466952803709907,18.80564031193731
corrected low-price negative spikes,negative,0.711879533333334,18.962020086523594,6.255736147672083,31.668304025375107,0.25,1.1371230729391648,5114,5.390537637480469,18.962020086523594
corrected low-price negative spikes,negative,0.7163787611111118,19.101185311617964,6.2616093112207505,31.940761312015177,0.25,1.1119205192135717,4976,5.309749972322225,19.101185311617964
corrected low-price negative spikes,negative,0.7208779888888895,19.22481100379979,6.2564033826908165,32.193218624908766,0.25,1.0870514788837264,4870,5.224589808235175,19.140260437273533
corrected low-price negative spikes,negative,0.7253772166666673,19.333369235330476,6.239634690896041,32.42710377976491,0.25,1.0624236433317238,4759,5.135057145219317,19.140260437273533
corrected low-price negative spikes,negative,0.7298764444444451,19.42588165090054,6.210256487661356,32.641506814139724,0.25,1.0380279410465691,4660,5.041151983274654,19.140260437273533
corrected low-price negative spikes,negative,0.7343756722222229,19.50178664902248,6.167255418066748,32.83631787997821,0.25,1.0138300477508182,4557,4.942874322401183,19.140260437273533
corrected low-price negative spikes,negative,0.7388749000000007,19.556846145935683,6.108348313584454,33.005343978286916,0.25,0.9899805165885204,4441,4.840224162598905,19.140260437273533
corrected low-price negative spikes,negative,0.7433741277777784,19.587840999344532,6.031487062408578,33.144194936280485,0.25,0.9665591024607986,4337,4.733201503867821,19.140260437273533
corrected low-price negative spikes,negative,0.7478733555555562,19.596568435071415,5.936038640550581,33.257098229592245,0.25,0.9433909536807302,4236,4.621806346207929,19.140260437273533
corrected low-price negative spikes,negative,0.752372583333334,19.57946648277386,5.819546750027689,33.33938621552003,0.25,0.9205641417417936,4136,4.506038689619233,19.140260437273533
corrected low-price negative spikes,negative,0.7568718111111118,19.534232630352523,5.679777218486365,33.38868804221868,0.25,0.8980948711109067,4030,4.385898534101729,19.140260437273533
corrected low-price negative spikes,negative,0.7613710388888896,19.46017216073226,5.514752830748202,33.40559149071632,0.25,0.8759194614432573,3930,4.261385879655418,19.140260437273533
corrected low-price negative spikes,negative,0.7658702666666674,19.411578193888783,5.380149320864577,33.44300706691299,0.25,0.8541240113354807,3837,4.144973758329158,19.140260437273533
corrected low-price negative spikes,negative,0.7703694944444451,19.40101851815717,5.292762943763039,33.5092740925513,0.25,0.8327764722145692,3729,4.039177939730114,19.140260437273533
corrected low-price negative spikes,negative,0.7748687222222229,19.366232184204655,5.186723957110626,33.54574041129868,0.25,0.8116179581119598,3664,3.9294954554165757,19.140260437273533
corrected low-price negative spikes,negative,0.7793679500000007,19.30646885501205,5.060229442536784,33.55270826748732,0.25,0.7906005668971227,3573,3.815926305388542,19.140260437273533
corrected low-price negative spikes,negative,0.7838671777777785,19.217308103481624,4.910255506290408,33.524360700672844,0.25,0.7698207198907234,3494,3.698470489646014,19.140260437273533
corrected low-price negative spikes,negative,0.7883664055555563,19.095977410524473,4.733951565169214,33.45800325587973,0.25,0.749294562155799,3414,3.577128008188991,19.140260437273533
corrected low-price negative spikes,negative,0.792865633333334,18.93915353591382,4.528005418386824,33.350301653440816,0.25,0.729050293503715,3326,3.4518988610174732,19.140260437273533
corrected low-price negative spikes,negative,0.7973648611111118,18.745153721951038,4.289106677641117,33.20120076626096,0.25,0.7090436488104975,3255,3.322783048131461,19.140260437273533
corrected low-price negative spikes,negative,0.8018640888888896,18.510793648002903,4.013094422866711,33.00849287313909,0.25,0.6892801314059473,3172,3.189780569530954,19.140260437273533
corrected low-price negative spikes,negative,0.8063633166666674,18.237054781335686,3.6960879815249594,32.77802158114641,0.25,0.6696018544267062,3122,3.052891425215951,19.140260437273533
corrected low-price negative spikes,negative,0.8108625444444452,17.968094015343503,3.3796043349053413,32.55658369578167,0.25,0.649976565701757,3044,2.919710010074816,19.140260437273533
corrected low-price negative spikes,negative,0.815361772222223,17.776144956350823,3.143239446129364,32.40905046657228,0.25,0.6306029020098146,2975,2.8024221490054897,19.140260437273533
corrected low-price negative spikes,negative,0.8198610000000007,17.54363328577653,2.8690532134152438,32.21821335813782,0.25,0.6114431171130764,2903,2.681733455435981,19.140260437273533
corrected high-price positive spikes,positive,0.01,65.09581548833408,55.77982800082633,74.41180297584184,0.3,6.7848835898972615,30190,132.50025908333336,
corrected high-price positive spikes,positive,0.014499227777777783,64.61207302237688,55.376464783724415,73.84768126102934,0.3,6.879410544681985,30377,133.34789293917055,
corrected high-price positive spikes,positive,0.018998455555555564,64.13119531748072,54.97462263675232,73.2877679982091,0.3,6.971667531685732,30568,134.1304116489229,
corrected high-price positive spikes,positive,0.023497683333333345,63.65394879909548,54.57502698716918,72.73287061102178,0.3,7.0615056230680935,30738,134.84781521259038,
corrected high-price positive spikes,positive,0.027996911111111127,63.179101075455996,54.1766830391935,72.1815191117185,0.3,7.148993961803007,30937,135.50010363017302,
corrected high-price positive spikes,positive,0.03249613888888891,62.70568798833823,53.77881938505267,71.63255659162378,0.3,7.2341803573428,31127,136.0872769016708,
corrected high-price positive spikes,positive,0.036995366666666696,62.23283312123843,53.380734050101644,71.0849321923752,0.3,7.31710943005221,31323,136.60933502708374,
corrected high-price positive spikes,positive,0.04149459444444448,61.761636679047676,52.983415547967496,70.53985781012786,0.3,7.3975953022259056,31512,137.06627800641186,
corrected high-price positive spikes,positive,0.04599382222222226,61.291737900668295,52.58659505735338,69.99688074398321,0.3,7.475619093632973,31692,137.4581058396551,
corrected high-price positive spikes,positive,0.05049305000000004,60.82224174359268,52.18954118555995,69.45494230162541,0.3,7.551229866845459,31896,137.78481852681347,
corrected high-price positive spikes,positive,0.05499227777777782,60.362399747780856,51.80158710476383,68.92321239079789,0.3,7.624432310088951,32085,138.06870928544564,
corrected high-price positive spikes,positive,0.0594915055555556,59.90339021446688,51.41374612220602,68.39303430672774,0.3,7.6950114603487005,32256,138.28718226421884,
corrected high-price positive spikes,positive,0.06399073333333338,59.44465267499691,51.025567169327445,67.86373818066637,0.3,7.762974828009501,32433,138.44020271273058,
corrected high-price positive spikes,positive,0.06848996111111116,58.98552099722031,50.6365071604083,67.33453483403233,0.3,7.828348849514501,32627,138.5277706309809,
corrected high-price positive spikes,positive,0.07298918888888895,58.52654035249046,50.24705971598243,66.80602098899848,0.3,7.891000401101166,32783,138.54988601896972,
corrected high-price positive spikes,positive,0.07748841666666673,58.06840061225836,49.85784005359681,66.2789611709199,0.3,7.950769977952408,32940,138.5065488766971,
corrected high-price positive spikes,positive,0.08198764444444451,57.61050362400892,49.46835493456035,65.75265231345749,0.3,8.007669348365518,33097,138.39775920416304,
corrected high-price positive spikes,positive,0.08648687222222229,57.152716089632385,49.07850764237918,65.22692453688559,0.3,8.061647603040253,33245,138.2235170013675,
corrected high-price positive spikes,positive,0.09098610000000007,56.69533718506065,48.68857045826587,64.70210391185543,0.3,8.112590859568932,33393,137.9838222683105,
corrected high-price positive spikes,positive,0.09548532777777785,56.23704884645177,48.29742453323291,64.17667315967063,0.3,8.160615218916533,33554,137.67867500499204,
corrected high-price positive spikes,positive,0.09998455555555563,55.77845701936412,47.90560107405174,63.6513129646765,0.3,8.205561940860914,33698,137.30807521141216,
corrected high-price positive spikes,positive,0.10448378333333341,55.3191213905776,47.51273065868053,63.12551212247467,0.3,8.247420870455349,33834,136.87202288757078,
corrected high-price positive spikes,positive,0.1089830111111112,54.85879704251887,47.11860958115918,62.59898450387857,0.3,8.286153141356257,33981,136.37051803346793,
corrected high-price positive spikes,positive,0.11348223888888898,54.396916338618176,46.722754895595095,62.07107778164126,0.3,8.32176832743809,34118,135.80356064910367,
corrected high-price positive spikes,positive,0.11798146666666677,53.93364560558759,46.325312035820225,61.54197917535496,0.3,8.354163665168224,34252,135.17115073447792,
corrected high-price positive spikes,positive,0.12248069444444455,53.46977227498844,45.92695790239832,61.012586647578566,0.3,8.383134530541305,34363,134.47328828959073,
corrected high-price positive spikes,positive,0.12697992222222235,53.00357844337063,45.52621540568341,60.48094148105785,0.3,8.408864535897871,34516,133.70997331444204,
corrected high-price positive spikes,positive,0.13147915000000013,52.53684248483391,45.12490762864694,59.948777341020886,0.3,8.431327145497118,34634,132.88659185432593,
corrected high-price positive spikes,positive,0.1359783777777779,52.07433215022642,44.72773286753766,59.420931432915175,0.3,8.450395994342099,34767,132.01461834309399,
corrected high-price positive spikes,positive,0.1404776055555557,51.60862223656856,44.32733455869778,58.889909914439336,0.3,8.466082425567143,34892,131.07685491742401,
corrected high-price positive spikes,positive,0.14497683333333347,51.139122318693076,43.92332970125331,58.35491493613284,0.3,8.478550142662195,35043,130.07568384923238,
corrected high-price positive spikes,positive,0.14947606111111125,50.67297479283242,43.52278871702668,57.82316086863816,0.3,8.487669072297074,35175,129.02863228512388,
corrected high-price positive spikes,positive,0.15397528888888903,50.201845984210664,43.11740136416775,57.28629060425358,0.3,8.493409682094976,35299,127.91545342240069,
corrected high-price positive spikes,positive,0.15847451666666681,49.726015484643035,42.707393585156616,56.744637384129454,0.3,8.495629904913855,35416,126.73614726106284,
corrected high-price positive spikes,positive,0.1629737444444446,49.24460005176116,42.29198904642398,56.19721105709834,0.3,8.494380681279884,35548,125.4907138011103,
corrected high-price positive spikes,positive,0.16747297222222238,48.75670400626228,41.8703970091701,55.64301100335447,0.3,8.489714770068245,35684,124.17915304254313,
corrected high-price positive spikes,positive,0.17197220000000016,48.26307082184429,41.44323029247128,55.0829113512173,0.3,8.481396016612372,35779,122.80146498536128,
corrected high-price positive spikes,positive,0.17647142777777794,47.76312347410919,41.00996310017711,54.516283848041276,0.3,8.46941048536107,35888,121.35764962956475,
corrected high-price positive spikes,positive,0.18097065555555572,47.256472254368845,40.57022551779771,53.94271899093998,0.3,8.45370670991871,35988,119.84770697515359,
corrected high-price positive spikes,positive,0.1854698833333335,46.74267147935897,40.12359405158732,53.36174890713062,0.3,8.434237445068804,36091,118.2716370221277,
corrected high-price positive spikes,positive,0.18996911111111128,46.22036085907999,39.66885409917975,52.77186761898023,0.3,8.411115621105854,36208,116.62943977048717,
corrected high-price positive spikes,positive,0.19446833888888906,45.68910185525242,39.20557570406717,52.17262800643766,0.3,8.384283527416335,36310,114.92111522023198,
corrected high-price positive spikes,positive,0.19896756666666685,45.14974021812508,38.73458342929093,51.564897006959235,0.3,8.353647069626595,36413,113.14949852026277,
corrected high-price positive spikes,positive,0.20346679444444463,44.608059295682025,38.26168720611739,50.954431385246664,0.3,8.319214510949763,36516,111.33120425938361,
corrected high-price positive spikes,positive,0.2079660222222224,44.05534747442604,37.77819854151801,50.33249640733408,0.3,8.280980750350182,36615,109.44644531571316,
corrected high-price positive spikes,positive,0.2124652500000002,43.49105365261905,37.28355473989997,49.69855256533813,0.3,8.23887617193336,36720,107.49522168925151,
corrected high-price positive spikes,positive,0.21696447777777797,42.91410260358474,36.77673092065532,49.05147428651416,0.3,8.192919264352946,36821,105.47753337999849,
corrected high-price positive spikes,positive,0.22146370555555575,42.32335558313843,36.25663347158248,48.39007769469438,0.3,8.143130348352784,36915,103.39338038795424,
corrected high-price positive spikes,positive,0.22596293333333356,41.71904051637465,35.72332268162704,47.714758351122256,0.3,8.08925304928662,36988,101.2427627131187,
corrected high-price positive spikes,positive,0.23046216111111134,41.0997596640227,35.175446296302184,47.024073031743214,0.3,8.03132679809606,37069,99.0256803554919,
corrected high-price positive spikes,positive,0.23496138888888912,40.46427512616834,34.6117669043413,46.316783347995376,0.3,7.969345223939727,37158,96.74213331507383,
corrected high-price positive spikes,positive,0.2394606166666669,39.81125700426408,34.030942653032575,45.59157135549558,0.3,7.9033024572048705,37239,94.39212159186447,
corrected high-price positive spikes,positive,0.24395984444444468,39.13916693280332,33.43142363034369,44.84691023526295,0.3,7.833214347133281,37318,91.97564518586384,
corrected high-price positive spikes,positive,0.24845907222222247,38.44688864040326,32.81198547902985,44.08179180177667,0.3,7.75898971818016,37395,89.49270409707194,
corrected high-price positive spikes,positive,0.25295830000000025,37.73271450123802,32.17085733586104,43.294571666615006,0.3,7.680629349070214,37463,86.9432983254888,
corrected high-price positive spikes,positive,0.25745752777777803,36.99557969305182,31.506767598950468,42.48439178715318,0.3,7.597973286788091,37527,84.32742787111431,
corrected high-price positive spikes,positive,0.2619567555555558,36.233301999233966,30.817434081511827,41.649169916956104,0.3,7.5110545850586785,37598,81.64509273394862,
corrected high-price positive spikes,positive,0.2664559833333336,35.44336659592825,30.100225205009476,40.78650798684701,0.3,7.419939703945925,37668,78.89629291399162,
corrected high-price positive spikes,positive,0.27095521111111137,34.62885392878598,29.357976861485625,39.89973099608633,0.3,7.324600692640275,37738,76.09275824163741,
corrected high-price positive spikes,positive,0.27545443888888915,33.78681702530839,28.587400163931513,38.98623388668526,0.3,7.225025058098986,37817,73.23317989237755,
corrected high-price positive spikes,positive,0.27995366666666693,32.9093166383137,27.780232764798676,38.03840051182872,0.3,7.121266018054922,37899,70.30679947614983,
corrected high-price positive spikes,positive,0.2844528944444447,31.993285097560257,26.93295262111419,37.053617574006324,0.3,7.013306780645606,37968,67.31361699295421,
corrected high-price positive spikes,positive,0.2889521222222225,31.035594568571277,26.041824620362405,36.02936451678015,0.3,6.901068846484875,38036,64.25363244279072,
corrected high-price positive spikes,positive,0.2934513500000003,30.032708456897566,25.10257388627974,34.96284302751539,0.3,6.784474768388778,38092,61.12684582565934,
corrected high-price positive spikes,positive,0.29795057777777806,28.98021880992822,24.10996280888167,33.850474810974774,0.3,6.663540341261211,38163,57.93325714156009,
corrected high-price positive spikes,positive,0.30244980555555584,27.886619847739563,23.07236437140765,32.700875324071475,0.3,6.539453511753666,37839,54.70897622827199,
corrected high-price positive spikes,positive,0.3069490333333336,26.77933778748544,22.018649771714156,31.54002580325672,0.3,6.4152381510799765,37408,51.538748830480266,
corrected high-price positive spikes,positive,0.3114482611111114,25.68425411279434,20.974540333020762,30.393967892567915,0.3,6.291433179480243,36863,48.47723055463086,
corrected high-price positive spikes,positive,0.3159474888888892,24.627286522152097,19.966068042609457,29.288505001694737,0.3,6.168668187090241,36280,45.575267671066776,
corrected high-price positive spikes,positive,0.32044671666666696,23.56868710298966,18.953330593848868,28.184043612130452,0.3,6.047135883715688,35690,42.75691605376677,
corrected high-price positive spikes,positive,0.32494594444444475,22.530950406979972,17.95852863399186,27.103372179968083,0.3,5.9272522248927695,35076,40.0639877786162,
corrected high-price positive spikes,positive,0.3294451722222225,21.499882313387666,16.967226106512257,26.032538520263074,0.3,5.809256362287623,34389,37.46949843524473,
corrected high-price positive spikes,positive,0.3339444000000003,20.51860101919675,16.022228180939727,25.014973857453775,0.3,5.6933198150001445,33781,35.04568732760251,
corrected high-price positive spikes,positive,0.3384436277777781,19.5895635335999,15.125901628495154,24.053225438704647,0.3,5.57944672340622,33150,32.789677821150576,
corrected high-price positive spikes,positive,0.34294285555555587,18.759031722103515,14.324563094552259,23.19350034965477,0.3,5.467492887161988,32559,30.76946175319412,
corrected high-price positive spikes,positive,0.34744208333333365,18.030185370763018,13.62226523819417,22.438105503331865,0.3,5.357687677141667,31903,28.98003059325509,
corrected high-price positive spikes,positive,0.35194131111111143,17.410422601089486,13.027438255165222,21.79340694701375,0.3,5.250226670630618,31289,27.422599526157033,
corrected high-price positive spikes,positive,0.3564405388888892,16.837049915262526,12.477697657159599,21.196402173365453,0.3,5.144857256442986,30684,25.98726553008935,
corrected high-price positive spikes,positive,0.360939766666667,16.292329864294242,11.955632858542323,20.62902687004616,0.3,5.041661862305282,30070,24.642125437472902,
corrected high-price positive spikes,positive,0.3654389944444448,15.764530604657613,11.44972661405701,20.079334595258217,0.3,4.940988507255996,29441,23.367709361969606,
corrected high-price positive spikes,positive,0.36993822222222256,15.260737014733557,10.967297121059126,19.55417690840799,0.3,4.842924237366155,28857,22.17197795061719,
corrected high-price positive spikes,positive,0.37443745000000034,14.818470817008977,10.545637885837024,19.09130374818093,0.3,4.74698237592651,28313,21.10290594195688,
corrected high-price positive spikes,positive,0.3789366777777781,14.411475254774679,10.159240926671739,18.66370958287762,0.3,4.65319096562496,27742,20.117803937053562,
corrected high-price positive spikes,positive,0.3834359055555559,14.008873397756291,9.776948936789035,18.240797858723546,0.3,4.561205543330941,27247,19.169205299300206,
corrected high-price positive spikes,positive,0.3879351333333337,13.594614955584689,9.38267073044371,17.806559180725667,0.3,4.471245992246672,26673,18.235460290888412,
corrected high-price positive spikes,positive,0.39243436111111146,13.188608650885131,8.996586005593418,17.380631296176844,0.3,4.383823228406861,26108,17.344958686235373,
corrected high-price positive spikes,positive,0.39693358888888924,12.781052892308756,8.608542234221186,16.953563550396325,0.3,4.298584848869344,25591,16.482132094642836,
corrected high-price positive spikes,positive,0.401432816666667,12.3760151758922,8.222367098230901,16.529663253553498,0.3,4.2156439140377095,25020,15.651861916886483,
corrected high-price positive spikes,positive,0.4059320444444448,11.999249147372177,7.864049047655725,16.13444924708863,0.3,4.135023527403687,24491,14.885153260668776,
corrected high-price positive spikes,positive,0.4104312722222226,11.616530219148812,7.499244916598582,15.733815521699043,0.3,4.056596482289575,23988,14.137072687022886,
corrected high-price positive spikes,positive,0.41493050000000037,11.232088301194734,7.131942561782581,15.332234040606888,0.3,3.9805482399018497,23443,13.412960795322856,
corrected high-price positive spikes,positive,0.41942972777777815,10.862927415262753,6.779183893185192,14.946670937340315,0.3,3.9069194756519665,22942,12.732174804385119,
corrected high-price positive spikes,positive,0.42392895555555593,10.51326833815955,6.4448482587803495,14.58168841753875,0.3,3.835296984899981,22500,12.096451907636327,
corrected high-price positive spikes,positive,0.4284281833333337,10.213910935537767,6.1598302474305555,14.267991623644978,0.3,3.7654326246487106,22022,11.53793803857904,
corrected high-price positive spikes,positive,0.4329274111111115,9.9363830249262,5.896342032251836,13.976424017600566,0.3,3.6973526785981563,21581,11.02149371783644,
corrected high-price positive spikes,positive,0.4374266388888893,9.685911676170097,5.660007102232314,13.71181625010788,0.3,3.631158554375973,21133,10.55132431195655,
corrected high-price positive spikes,positive,0.4419258666666671,9.437823626856515,5.4263038452322885,13.449343408480742,0.3,3.566823573208834,20727,10.098915537617733,
corrected high-price positive spikes,positive,0.4464250944444449,9.199211998766026,5.201835567946197,13.196588429585855,0.3,3.5038779491069323,20336,9.669874821490856,
corrected high-price positive spikes,positive,0.4509243222222227,8.957478339140463,4.973828266457636,12.941128411823291,0.3,3.4422217934500727,19942,9.250088146003879,
corrected high-price positive spikes,positive,0.45542355000000045,8.703024307756769,4.732673065046269,12.673375550467268,0.3,3.382042699630259,19535,8.830199947426038,
corrected high-price positive spikes,positive,0.45992277777777824,8.42849089637611,4.470546213973224,12.386435578778995,0.3,3.3234423819480283,19132,8.403481158263846,
corrected high-price positive spikes,positive,0.464422005555556,8.16366932642386,4.216541928188862,12.110796724658856,0.3,3.2661205467089043,18779,7.999058437071063,
corrected high-price positive spikes,positive,0.4689212333333338,7.8954429040852965,3.957330956932411,11.833554851238182,0.3,3.210008246573251,18442,7.6033310497386175,
corrected high-price positive spikes,positive,0.4734204611111116,7.656592317647461,3.7254195875286547,11.587765047766268,0.3,3.1549739788667384,18063,7.246904858690613,
corrected high-price positive spikes,positive,0.47791968888888936,7.436286716786787,3.5109418620754056,11.361631571498169,0.3,3.101272561300044,17710,6.918585585819256,
corrected high-price positive spikes,positive,0.48241891666666714,7.220485065890726,3.299532111046709,11.141438020734743,0.3,3.048796105460308,17387,6.604136024526588,
corrected high-price positive spikes,positive,0.4869181444444449,7.034878969342207,3.1170394076531234,10.952718531031291,0.3,2.997365710583645,17070,6.325831500243703,
corrected high-price positive spikes,positive,0.4914173722222227,6.837118593497125,2.9210676474718853,10.753169539522364,0.3,2.9469130623730444,16780,6.044518227651087,
corrected high-price positive spikes,positive,0.4959166000000005,6.630554293209667,2.7143491142486886,10.546759472170645,0.3,2.8973907992888708,16491,5.763392100999304,
corrected high-price positive spikes,positive,0.5004158277777783,6.450772838298382,2.532340341728601,10.369205334868164,0.3,2.8486210013334445,16203,5.512742094602437,
corrected high-price positive spikes,positive,0.504915055555556,6.266061349924162,2.343492187588673,10.188630512259651,0.3,2.8007290531383684,15930,5.264862021444007,
corrected high-price positive spikes,positive,0.5094142833333338,6.109934954986761,2.181206813954817,10.038663096018706,0.3,2.753504090886318,15659,5.047119268081607,
corrected high-price positive spikes,positive,0.5139135111111116,5.944232532693239,2.0074186769455378,9.881046388440941,0.3,2.7069587180566557,15351,4.827237622958987,
corrected high-price positive spikes,positive,0.5184127388888894,5.769609684102771,1.8225192790293665,9.716700089176175,0.3,2.6612802057542644,15075,4.606364414169245,
corrected high-price positive spikes,positive,0.5229119666666672,5.625764158788426,1.6656990592354886,9.585829258341363,0.3,2.616097042702428,14843,4.415263493624314,
corrected high-price positive spikes,positive,0.527411194444445,5.50717786146188,1.5327088447154846,9.481646878208275,0.3,2.5716947609157583,14565,4.24883413612583,
corrected high-price positive spikes,positive,0.5319104222222227,5.3775610532673985,1.3870996297087816,9.368022476826015,0.3,2.5280085947947692,14310,4.078356168508079,
corrected high-price positive spikes,positive,0.5364096500000005,5.263641248144282,1.2553967294920465,9.271885766796517,0.3,2.4849792714610377,14045,3.924011818213753,
corrected high-price positive spikes,positive,0.5409088777777783,5.16077492611411,1.133507645454391,9.18804220677383,0.3,2.442790554177743,13765,3.782007672524666,
corrected high-price positive spikes,positive,0.5454081055555561,5.060730751578172,1.0131036143950345,9.108357888761308,0.3,2.401204425965984,13522,3.6455547237935,
corrected high-price positive spikes,positive,0.5499073333333339,5.003820998990483,0.9346116435826213,9.073030354398345,0.3,2.3601961202138035,13290,3.542999672418509,
corrected high-price positive spikes,positive,0.5544065611111116,4.98395736204572,0.8936280773360696,9.07428664675537,0.3,2.319676136594729,13037,3.468350087562922,
corrected high-price positive spikes,positive,0.5589057888888894,4.958632784559779,0.8480751718833845,9.069190397236174,0.3,2.2797539569314798,12793,3.3913388134710947,
corrected high-price positive spikes,positive,0.5634050166666672,4.9280690511740035,0.7976863154755618,9.058451786872446,0.3,2.240205251286693,12571,3.3119658501430296,
corrected high-price positive spikes,positive,0.567904244444445,4.891824779497506,0.7420466347903618,9.04160292420465,0.3,2.2011085455044577,12337,3.230231197578726,
corrected high-price positive spikes,positive,0.5724034722222228,4.849261619632838,0.680687198110081,9.017836041155594,0.3,2.1626212418544077,12088,3.146134855778185,
corrected high-price positive spikes,positive,0.5769027000000005,4.800320071968387,0.6131944788278174,8.987445665108957,0.3,2.124633898621664,11878,3.059676824741406,
corrected high-price positive spikes,positive,0.5814019277777783,4.748716184040056,0.5430965615250063,8.954335806555106,0.3,2.087138732204143,11657,2.973368842786398,
corrected high-price positive spikes,positive,0.5859011555555561,4.722940571005644,0.49954465634650713,8.94633648566478,0.3,2.0501986412243025,11450,2.9048899023776706,
corrected high-price positive spikes,positive,0.5904003833333339,4.691912536785684,0.4515340522427156,8.932291021328652,0.3,2.013668296021477,11243,2.83438665690931,
corrected high-price positive spikes,positive,0.5948996111111117,4.655316080263141,0.3986861366838985,8.911946023842383,0.3,1.9775664772370687,11057,2.761859106381318,
corrected high-price positive spikes,positive,0.5993988388888895,4.639839389308886,0.367665175560858,8.912013603056913,0.3,1.941792406880825,10880,2.7028814685919675,
corrected high-price positive spikes,positive,0.6038980666666672,4.632216884449419,0.34613668024967126,8.918297088649167,0.3,1.9063604447141116,10697,2.6492025119553633,
corrected high-price positive spikes,positive,0.608397294444445,4.620577442722024,0.3222006020639645,8.918954283380085,0.3,1.8712211237589957,10502,2.593836634435732,
corrected high-price positive spikes,positive,0.6128965222222228,4.604808928531785,0.29564495593540574,8.913972901128165,0.3,1.8363294224254325,10321,2.536783836033074,
corrected high-price positive spikes,positive,0.6173957500000006,4.5846038683545896,0.2662199182667173,8.902987818442462,0.3,1.8017144540754366,10127,2.4780441167473874,
corrected high-price positive spikes,positive,0.6218949777777784,4.5597083439814075,0.2336528352704832,8.885763852692332,0.3,1.7673772781028945,9952,2.417617476578675,
corrected high-price positive spikes,positive,0.6263942055555561,4.52995272290368,0.19764376357226432,8.862261682235095,0.3,1.7332807202875675,9761,2.3555039155269353,
corrected high-price positive spikes,positive,0.6308934333333339,4.494518656572122,0.15783124327572473,8.83120606986852,0.3,1.699628376030225,9565,2.2917034335921675,
corrected high-price positive spikes,positive,0.6353926611111117,4.45303560249682,0.11384460717554035,8.7922265978181,0.3,1.6664407754612247,9361,2.226216030774373,
corrected high-price positive spikes,positive,0.6398918888888895,4.405257112648216,0.06527477131166215,8.74523945398477,0.3,1.6336857318910987,9178,2.1590417070735506,
corrected high-price positive spikes,positive,0.6443911166666673,4.350900345549471,0.011660420775030822,8.690140270323912,0.3,1.601339413674646,8997,2.0901804624897014,
corrected high-price positive spikes,positive,0.648890344444445,4.289496329936284,0.0,8.626509299589976,0.3,1.5694401251166819,8800,2.0196322970228247,
corrected high-price positive spikes,positive,0.6533895722222228,4.251745973252114,0.0,8.584415837568313,0.3,1.5381247016768633,8597,1.9619146520142638,
corrected high-price positive spikes,positive,0.6578888000000006,4.225877372894908,0.0,8.550913674740347,0.3,1.5072800177479633,8434,1.9108741564853262,
corrected high-price positive spikes,positive,0.6623880277777784,4.194734258694407,0.0,8.508809229731101,0.3,1.4768389840173985,8246,1.858484124249967,
corrected high-price positive spikes,positive,0.6668872555555562,4.1577145640068816,0.0,8.457112677318634,0.3,1.4469043248998428,8065,1.8047445553081862,
corrected high-price positive spikes,positive,0.671386483333334,4.114516899831044,0.0,8.395472720078622,0.3,1.4174652757993123,7902,1.7496554496599828,
corrected high-price positive spikes,positive,0.6758857111111117,4.065275363240129,0.0,8.324467005135062,0.3,1.3883576191140807,7742,1.6932168073053586,
corrected high-price positive spikes,positive,0.6803849388888895,4.009553356331917,0.0,8.243558464225346,0.3,1.3596099805494384,7590,1.635428628244312,
corrected high-price positive spikes,positive,0.6848841666666673,3.946964846147801,0.0,8.152365288130776,0.3,1.3312262070734242,7426,1.5762909124768436,
corrected high-price positive spikes,positive,0.6893833944444451,3.8772253390789952,0.0,8.050779136870036,0.3,1.303168741767466,7291,1.5158036600029534,
corrected high-price positive spikes,positive,0.6938826222222229,3.7998600282310826,0.0,7.938374437462922,0.3,1.2754565168369238,7129,1.4539668708226414,
corrected high-price positive spikes,positive,0.6983818500000006,3.714220432707394,0.0,7.814446977222415,0.3,1.2481583238739282,6984,1.3907805449359072,
corrected high-price positive spikes,positive,0.7028810777777784,3.6201348974614316,0.0,7.679396210192592,0.3,1.2211742747236318,6840,1.3262446823427518,
corrected high-price positive spikes,positive,0.7073803055555562,3.5170102646545898,0.0,7.532866130626123,0.3,1.1945366359505125,6697,1.2603592830431747,
corrected high-price positive spikes,positive,0.711879533333334,3.4041715191372184,0.0,7.3744665404961705,0.3,1.1682963488862539,6553,1.1931243470371753,
corrected high-price positive spikes,positive,0.7163787611111118,3.281285092893179,0.0,7.20471851150326,0.3,1.1423774958987423,6419,1.1245398743247546,
corrected high-price positive spikes,positive,0.7208779888888895,3.147982212518889,0.0,7.024303219979746,0.3,1.116700364137973,6306,1.0546058649059113,
corrected high-price positive spikes,positive,0.7253772166666673,3.0036535877605526,0.0,6.833646559050813,0.3,1.0912513599965286,6161,0.9833223187806466,
corrected high-price positive spikes,positive,0.7298764444444451,2.8469653716047234,0.0,6.631801630815266,0.3,1.0662689531715197,6034,0.9106892359489605,
corrected high-price positive spikes,positive,0.7343756722222229,2.741852314486524,0.0,6.482887301788203,0.3,1.0415303180371998,5905,0.8567166939354545,
corrected high-price positive spikes,positive,0.7388749000000007,2.6359767519498654,0.0,6.332049186238665,0.3,1.017140347591486,5789,0.8043474929164086,
corrected high-price positive spikes,positive,0.7433741277777784,2.520443149016413,0.0,6.170952049413224,0.3,0.9931668030422963,5630,0.7509661393675467,
corrected high-price positive spikes,positive,0.7478733555555562,2.45275615149419,0.0,6.056002047764849,0.3,0.9697040069658069,5500,0.7135342404641843,
corrected high-price positive spikes,positive,0.752372583333334,2.3980194698441184,0.0,5.948684634716797,0.3,0.9466789568747516,5364,0.6810463710832124,
corrected high-price positive spikes,positive,0.7568718111111118,2.3371930945526325,0.0,5.82998550978974,0.3,0.9240196924807974,5254,0.6478837333490299,
corrected high-price positive spikes,positive,0.7613710388888896,2.2699362423944582,0.0,5.699644734944693,0.3,0.9017086262797483,5125,0.6140463272616362,
corrected high-price positive spikes,positive,0.7658702666666674,2.19552651960097,0.0,5.5565642730902916,0.3,0.8798711799457261,4990,0.5795341528210316,
corrected high-price positive spikes,positive,0.7703694944444451,2.1137479583204057,0.0,5.401067639568328,0.3,0.858423395726198,4884,0.5443472100272162,
corrected high-price positive spikes,positive,0.7748687222222229,2.024391121663245,0.0,5.233711658651617,0.3,0.837264916248689,4774,0.5084854988801899,
corrected high-price positive spikes,positive,0.7793679500000007,1.9269671476308727,0.0,5.054608082599741,0.3,0.8163934708836709,4674,0.47194901937995254,
corrected high-price positive spikes,positive,0.7838671777777785,1.821025247482741,0.0,4.864303955907134,0.3,0.7957747467211228,4567,0.43473777152650445,
corrected high-price positive spikes,positive,0.7883664055555563,1.7057863895613756,0.0,4.662895013844869,0.3,0.7755010782678585,4451,0.39685175531984523,
corrected high-price positive spikes,positive,0.792865633333334,1.5804933806508572,0.0,4.451021843896157,0.3,0.7556521593116464,4350,0.35829097075997524,
corrected high-price positive spikes,positive,0.7973648611111118,1.4448196638502249,0.0,4.231184847785091,0.3,0.736090521259611,4250,0.3190554178468944,
corrected high-price positive spikes,positive,0.8018640888888896,1.3789801694241344,0.0,4.081781301495438,0.3,0.7168716584086152,4142,0.2965655402903017,
corrected high-price positive spikes,positive,0.8063633166666674,1.331913401359244,0.0,3.942463668023362,0.3,0.6980059500513126,4044,0.2789050437305503,
corrected high-price positive spikes,positive,0.8108625444444452,1.2799872175721265,0.0,3.7887621640134945,0.3,0.6794525221615909,3950,0.26090716299419353,
corrected high-price positive spikes,positive,0.815361772222223,1.2227796103734931,0.0,3.6194276467055397,0.3,0.661258158661256,3846,0.24257189808123125,
corrected high-price positive spikes,positive,0.8198610000000007,1.1598569562694683,0.0,3.4331765905576264,0.3,0.6434679948574776,3745,0.22389924899166355,
