branch,path,spot_mean_low_wind,spot_mean_high_wind,low_minus_high_spread,n_low,n_high
Constant covariance,0,81.71423799952682,60.53691990569923,21.177318093827587,822,985
Constant covariance,1,100.60419488116653,61.784245018988045,38.81994986217849,679,1097
Constant covariance,2,80.26464258499585,57.5144900293691,22.750152555626755,704,1164
Constant covariance,3,83.66656666517947,65.34957094240346,18.316995722776014,763,765
Constant covariance,4,90.9779251725254,66.15667929241219,24.82124588011321,695,1268
Constant covariance,5,89.90742582235497,61.08753248911358,28.81989333324139,614,1145
Constant covariance,6,92.67970875405503,63.85716053374327,28.82254822031176,609,1038
Constant covariance,7,87.55767306045058,64.02020601530981,23.537467045140772,681,1289
Constant covariance,8,90.46980533858786,55.86295978427263,34.60684555431523,937,895
Constant covariance,9,89.25834295810711,61.93924108675418,27.319101871352927,811,981
Constant covariance,10,76.34720243430031,55.501790122504396,20.84541231179592,690,1121
Constant covariance,11,92.67201074050378,66.14649434307385,26.525516397429925,562,1143
Constant covariance,12,95.91520603377877,61.462561617608344,34.45264441617043,904,1023
Constant covariance,13,94.05508092586717,60.36895657722461,33.686124348642565,945,911
Constant covariance,14,85.56990721621897,67.59177760561208,17.978129610606885,606,1084
Constant covariance,15,85.46019773691793,53.05151107099327,32.40868666592466,848,1085
Constant covariance,16,86.2156873493568,64.12443310439741,22.091254244959387,550,1322
Constant covariance,17,87.22823037317288,56.25240214570322,30.975828227469655,738,1074
Constant covariance,18,82.32219247407171,50.98715238106954,31.33504009300217,792,1203
Constant covariance,19,96.81108407415215,69.4703372815028,27.340746792649355,610,1156
Constant covariance,20,93.74876894766938,65.25821419469956,28.490554752969814,878,884
Constant covariance,21,75.78203692692075,51.799510057305895,23.98252686961486,903,902
Constant covariance,22,93.23741479532073,61.94444906170911,31.292965733611624,823,865
Constant covariance,23,84.69010563061812,56.26270829622323,28.42739733439489,649,1121
Constant covariance,24,102.54905544819687,65.23557490574827,37.3134805424486,992,876
Constant covariance,25,81.56263958610272,60.18962512881221,21.37301445729051,729,940
Constant covariance,26,91.74452736041239,71.6957064348407,20.04882092557169,662,1026
Constant covariance,27,81.99282047744069,58.65679573176966,23.336024745671025,694,1047
Constant covariance,28,85.56883614221938,61.67972275792184,23.889113384297545,828,1190
Constant covariance,29,99.39646075562919,60.448626566302,38.94783418932719,696,1015
Constant covariance,30,91.2526125348117,56.23170090973574,35.02091162507596,841,932
Constant covariance,31,92.32927477962716,71.45641618251544,20.872858597111716,1102,864
Constant covariance,32,102.45730413664099,61.317776428286884,41.1395277083541,774,843
Constant covariance,33,99.60871066616981,69.89769883750834,29.71101182866147,831,885
Constant covariance,34,103.40960255233865,66.15394441058044,37.25565814175822,556,1423
Constant covariance,35,88.44083407169055,64.13207391534152,24.308760156349024,586,1037
Constant covariance,36,86.67078599044471,60.42379991342104,26.24698607702367,710,1026
Constant covariance,37,86.53352597802838,54.36302694315786,32.17049903487052,751,922
Constant covariance,38,80.05217637989197,55.582122093881765,24.47005428601021,631,1139
Constant covariance,39,83.91005185859139,52.16710150008506,31.742950358506327,875,1074
Constant covariance,40,97.80768788960887,61.366239210369535,36.441448679239336,781,1087
Constant covariance,41,76.28880991240864,56.58600798335419,19.702801929054445,829,1197
Constant covariance,42,87.16502596814286,67.35373264174709,19.81129332639577,566,1326
Constant covariance,43,85.0132995305948,51.30606272854961,33.70723680204518,905,1090
Constant covariance,44,80.43582028249412,51.036828012894276,29.398992269599844,1055,759
Constant covariance,45,86.70589875870984,65.50989374638641,21.196005012323425,919,739
Constant covariance,46,78.69433184715957,63.96138531699298,14.732946530166593,1052,771
Constant covariance,47,93.42877290736217,58.80771570288811,34.62105720447406,711,1036
Constant covariance,48,87.08686069070788,59.98337095876904,27.103489731938843,720,1223
Constant covariance,49,92.58127236912334,68.01773240040863,24.563539968714707,749,1085
Constant covariance,50,80.8351597228368,56.957329789425195,23.87782993341161,788,1019
Constant covariance,51,83.3695000386777,62.47208606655577,20.89741397212193,907,985
Constant covariance,52,88.47250753512235,57.863239926155565,30.609267608966782,1161,624
Constant covariance,53,87.6585071221637,69.29268678034902,18.365820341814683,589,1111
Constant covariance,54,78.43358806607701,60.42869700818663,18.004891057890376,672,1026
Constant covariance,55,88.76259234886258,59.05993263952948,29.702659709333105,403,1376
Constant covariance,56,88.20144147141538,69.44297116153516,18.758470309880224,884,1011
Constant covariance,57,100.81453776005057,65.57668719273283,35.237850567317736,905,769
Constant covariance,58,88.3868019137672,58.92580485976232,29.460997054004878,789,1147
Constant covariance,59,84.15204855558514,58.35770535304832,25.794343202536822,700,1037
Constant covariance,60,89.70915094764177,55.79902359465043,33.910127352991346,513,1356
Constant covariance,61,95.30124336341753,61.53482930310683,33.766414060310694,542,1170
Constant covariance,62,77.54186575996788,54.58298613368719,22.958879626280684,947,938
Constant covariance,63,89.93066543130323,54.649565612184475,35.28109981911875,705,909
Constant covariance,64,81.22016562272788,54.03205396511048,27.188111657617398,888,1117
Constant covariance,65,97.40758651674423,56.728038583567454,40.67954793317678,878,868
Constant covariance,66,94.41856587559262,64.19881023806599,30.21975563752663,857,977
Constant covariance,67,80.64392898568045,55.584005018448615,25.059923967231832,910,845
Constant covariance,68,84.38001955677284,47.6178652771994,36.76215427957344,630,1161
Constant covariance,69,91.91541510822644,68.60382187759194,23.3115932306345,703,1263
Constant covariance,70,89.76547037688354,60.16848115787598,29.59698921900756,757,875
Constant covariance,71,86.3620836581529,60.08794494889448,26.274138709258416,843,930
Constant covariance,72,81.2515288903979,48.36489770310256,32.88663118729535,770,1030
Constant covariance,73,82.165771038882,60.316976539946126,21.848794498935874,801,969
Constant covariance,74,83.83491687674443,59.36263568989716,24.47228118684727,651,1109
Constant covariance,75,77.22832262784479,53.75528531408543,23.473037313759363,810,997
Constant covariance,76,93.98433307654561,56.90234216947411,37.0819909070715,805,958
Constant covariance,77,83.23543728743547,66.06834342604625,17.16709386138922,848,826
Constant covariance,78,82.0289087879619,61.182861672428075,20.84604711553382,846,1049
Constant covariance,79,92.82047937671268,53.49031474415298,39.3301646325597,720,1081
Constant covariance,80,85.86393949170217,55.15699570652731,30.706943785174857,587,1052
Constant covariance,81,87.0932129523209,61.89601002332912,25.19720292899178,606,1049
Constant covariance,82,96.34138722751968,59.09038548063487,37.2510017468848,790,848
Constant covariance,83,88.1178652563767,59.27921640012305,28.838648856253656,828,1068
Constant covariance,84,83.46756962337454,57.11986266230051,26.34770696107403,457,1078
Constant covariance,85,81.41010006653184,62.31879568183707,19.091304384694773,792,912
Constant covariance,86,86.60507494995367,54.82212197942781,31.782952970525862,809,1101
Constant covariance,87,89.21555367025101,65.69613119583165,23.519422474419358,850,1042
Constant covariance,88,72.43555056605837,68.7882145441759,3.6473360218824666,459,1320
Constant covariance,89,91.6793752440007,67.84173074118529,23.837644502815408,730,1015
Constant covariance,90,91.79670554531903,66.91935866770248,24.877346877616546,844,900
Constant covariance,91,78.36326587001216,54.159352454185026,24.20391341582713,477,1102
Constant covariance,92,78.71227817018412,51.412980435880165,27.299297734303956,1065,718
Constant covariance,93,80.82373363041465,57.78030501937266,23.04342861104199,559,1243
Constant covariance,94,94.00203948624642,59.50368293003448,34.49835655621194,702,765
Constant covariance,95,79.33464373110476,57.68766518643229,21.64697854467247,743,895
Constant covariance,96,72.5364261667947,54.37543743895257,18.16098872784213,807,977
Constant covariance,97,91.38348829709842,65.19647726197144,26.187011035126986,796,789
Constant covariance,98,87.37692927554242,54.99831013578754,32.37861913975488,653,1044
Constant covariance,99,79.89458242165286,57.73019978431575,22.164382637337106,763,992
Constant covariance,100,90.12997603637258,61.61390999180424,28.51606604456834,904,955
Constant covariance,101,102.93179204451721,65.70922093302835,37.22257111148886,853,1020
Constant covariance,102,84.84883644580866,53.917117804013316,30.931718641795342,837,777
Constant covariance,103,76.60992046676417,52.84863228907281,23.761288177691355,980,765
Constant covariance,104,90.67741542113748,66.23323663192495,24.44417878921253,530,1191
Constant covariance,105,89.44987416537612,58.9671645162509,30.48270964912522,997,1030
Constant covariance,106,83.48955738537022,68.21306466721687,15.27649271815335,516,1335
Constant covariance,107,95.21493269448862,57.55539914548894,37.65953354899968,839,1089
Constant covariance,108,83.21110169901499,71.68905661829946,11.522045080715529,658,1420
Constant covariance,109,93.56324842652363,67.89224228064735,25.671006145876277,621,1297
Constant covariance,110,88.52025278689788,56.68147988059452,31.83877290630336,497,1378
Constant covariance,111,85.99994279670598,65.65115552787891,20.348787268827067,702,1051
Constant covariance,112,94.53967771139492,55.826284724080814,38.7133929873141,803,899
Constant covariance,113,90.06639118965936,57.08734569192492,32.97904549773444,954,969
Constant covariance,114,82.80048730359367,64.66626324331106,18.134224060282605,828,938
Constant covariance,115,80.19146421527624,70.03499522504369,10.156468990232554,476,1220
Constant covariance,116,75.80637567948905,48.88804950793954,26.91832617154951,695,1226
Constant covariance,117,99.21057168635156,65.72958406023622,33.480987626115336,856,782
Constant covariance,118,106.47496194497346,65.25685608870364,41.218105856269815,452,1340
Constant covariance,119,83.72592202546473,41.66116360618594,42.06475841927879,769,969
Constant covariance,120,94.42742127985483,57.74295489682493,36.68446638302989,793,948
Constant covariance,121,84.46223093464228,65.8359738634695,18.626257071172773,705,1179
Constant covariance,122,96.91516002264594,58.7697394420751,38.145420580570836,701,884
Constant covariance,123,89.51268235530505,59.571594321572775,29.94108803373227,596,1083
Constant covariance,124,89.38461781231821,55.72156701205205,33.66305080026616,788,1017
Constant covariance,125,93.08181218829907,65.30279436091794,27.779017827381125,811,944
Constant covariance,126,93.59017379352564,77.29898077522789,16.291193018297747,637,1075
Constant covariance,127,90.58290606209914,71.20750578094311,19.375400281156033,846,927
Constant covariance,128,94.00485677712155,67.46854990541458,26.53630687170697,518,1316
Constant covariance,129,79.37393661073537,51.16152514201478,28.21241146872059,690,1020
Constant covariance,130,88.16415761758158,58.2208338720167,29.943323745564882,660,1071
Constant covariance,131,85.6074317303132,64.05655604164805,21.550875688665144,870,859
Constant covariance,132,85.61332813807248,73.25914454732683,12.354183590745649,824,1043
Constant covariance,133,101.27684851449204,67.1088705810301,34.16797793346194,659,1045
Constant covariance,134,84.96170375625869,66.7851155961358,18.17658816012289,623,1015
Constant covariance,135,84.61644496012669,68.21576281537986,16.400682144746824,728,1068
Constant covariance,136,97.89708913828075,61.04457730973744,36.85251182854331,772,1021
Constant covariance,137,86.55291670977745,56.25211282615365,30.3008038836238,912,996
Constant covariance,138,82.07242380716674,59.6235551028959,22.448868704270843,859,732
Constant covariance,139,88.74480277980021,73.49224010180363,15.252562677996579,473,1100
Constant covariance,140,94.62529668251425,62.026907556659395,32.59838912585485,729,1203
Constant covariance,141,82.61654594373151,57.466760689129636,25.149785254601873,830,971
Constant covariance,142,85.28282667896738,66.5287575161478,18.754069162819576,683,1165
Constant covariance,143,80.25211152351818,63.109890360935786,17.142221162582395,897,867
Constant covariance,144,87.14258401064322,69.14416798564798,17.998416024995237,722,1160
Constant covariance,145,96.13373453139202,58.51276774948232,37.6209667819097,747,974
Constant covariance,146,81.43973587445088,67.598646223027,13.841089651423871,546,1108
Constant covariance,147,97.848847416035,60.52186596367513,37.32698145235987,613,1282
Constant covariance,148,90.18781201622828,58.130039851015695,32.05777216521258,583,1174
Constant covariance,149,91.6540117243755,75.5598781200367,16.094133604338793,798,1090
Constant covariance,150,80.91523427223605,60.94214623825673,19.973088033979316,1125,702
Constant covariance,151,88.49012603337746,50.09762977995353,38.392496253423936,711,1089
Constant covariance,152,88.02694318096732,57.96511224434378,30.061830936623544,874,984
Constant covariance,153,94.56511105984586,77.20070271638437,17.36440834346149,928,708
Constant covariance,154,80.40840926996287,66.98236714795004,13.42604212201283,1012,923
Constant covariance,155,88.21935301993202,59.4041084479237,28.815244572008318,851,912
Constant covariance,156,82.47600866916233,63.181063316743256,19.29494535241907,659,875
Constant covariance,157,77.42280623975567,58.674803245616,18.748002994139675,883,999
Constant covariance,158,88.18466367539595,59.49903828241613,28.685625392979823,623,1341
Constant covariance,159,90.25892156421057,54.11914611422562,36.139775449984946,709,1216
Constant covariance,160,92.39481461408073,48.67009479086469,43.72471982321604,630,1189
Constant covariance,161,89.52420161205964,69.30650547349815,20.217696138561493,831,776
Constant covariance,162,77.04111262833649,61.090117844233596,15.950994784102896,657,1087
Constant covariance,163,93.00163660009963,63.04711750809187,29.954519092007757,904,692
Constant covariance,164,84.11003174780396,61.92853536416177,22.18149638364219,929,795
Constant covariance,165,85.55492000531255,66.99405812837175,18.560861876940805,663,1100
Constant covariance,166,92.62375573257061,56.6015445915353,36.022211141035314,604,1151
Constant covariance,167,85.5063710793045,64.02948086934468,21.47689020995982,776,1072
Constant covariance,168,84.04371342164427,65.12600542868066,18.917707992963614,756,905
Constant covariance,169,91.46313399945389,60.96372826380036,30.499405735653525,845,1007
Constant covariance,170,92.64914288883664,57.8329803652461,34.816162523590535,931,929
Constant covariance,171,80.21798461036872,52.31344887827027,27.904535732098445,661,1114
Constant covariance,172,83.21372810641124,67.7679900278313,15.445738078579936,802,781
Constant covariance,173,81.38289353555054,68.23900698299735,13.143886552553184,989,802
Constant covariance,174,79.50825143143385,54.839796893058804,24.668454538375045,745,1086
Constant covariance,175,68.75979658797266,57.69935240262904,11.06044418534362,791,1038
Constant covariance,176,87.39780136547856,61.249134423849014,26.148666941629543,619,1054
Constant covariance,177,85.64754123546119,47.39096238411204,38.25657885134915,739,1034
Constant covariance,178,93.16133925280444,66.9895889143783,26.171750338426136,756,973
Constant covariance,179,92.46950314424369,66.55477667042649,25.914726473817197,918,988
Constant covariance,180,87.36764424990842,52.48389635125454,34.88374789865388,727,1060
Constant covariance,181,86.76318602567007,51.441231702479016,35.32195432319105,732,1237
Constant covariance,182,97.04784562860394,64.17296381700672,32.87488181159722,511,1273
Constant covariance,183,93.65734977258353,62.70954582822562,30.947803944357908,1084,831
Constant covariance,184,92.03951617709932,66.29002501384592,25.749491163253396,600,1127
Constant covariance,185,92.68266148343496,70.65799655052118,22.02466493291378,702,1127
Constant covariance,186,70.07117787256804,63.42911525185745,6.64206262071059,722,906
Constant covariance,187,100.24435730027258,62.50071015738658,37.743647142886005,818,996
Constant covariance,188,79.96478846166546,53.18821754806437,26.77657091360109,696,1048
Constant covariance,189,91.90689188533314,62.53974610918544,29.3671457761477,709,1151
Constant covariance,190,97.5348065070306,69.97219599158066,27.562610515449933,879,1071
Constant covariance,191,91.52756586369402,59.665554071708065,31.862011791985957,823,667
Constant covariance,192,96.63175465168392,68.67813612652824,27.953618525155676,833,921
Constant covariance,193,91.0026044151067,59.38725548234429,31.615348932762416,738,949
Constant covariance,194,88.2501008672432,61.9737152945091,26.276385572734107,864,1008
Constant covariance,195,98.77498425015395,65.02543244015318,33.74955181000077,681,1135
Constant covariance,196,93.0626084403168,49.58526868328963,43.47733975702717,551,1457
Constant covariance,197,88.93934921851009,62.36702319581594,26.57232602269415,604,1238
Constant covariance,198,88.15967134834816,69.70832970425893,18.451341644089226,997,970
Constant covariance,199,98.30424817483022,52.30907538815745,45.99517278667277,800,1176
Constant covariance,200,88.47527748149108,58.08751662488957,30.38776085660151,709,1263
Constant covariance,201,86.22334946889437,68.22228139262724,18.00106807626713,836,1061
Constant covariance,202,83.67760898625149,62.08726227134556,21.590346714905927,821,899
Constant covariance,203,80.29914642166946,57.27122206184601,23.02792435982345,860,1088
Constant covariance,204,85.3009983494398,52.82529618059067,32.475702168849125,1043,917
Constant covariance,205,95.59249142344606,61.93534448723381,33.65714693621225,696,1207
Constant covariance,206,94.38994725890976,60.274333473293716,34.11561378561604,582,1412
Constant covariance,207,90.8328760302371,60.48995803909562,30.342917991141483,670,908
Constant covariance,208,82.38720097971573,46.683373978334046,35.70382700138168,1058,927
Constant covariance,209,86.82336867508143,50.69101162100651,36.132357054074916,800,906
Constant covariance,210,79.03730386666109,60.016157271512434,19.021146595148657,641,951
Constant covariance,211,86.54470026458884,65.44897573917048,21.095724525418362,717,1069
Constant covariance,212,87.71237245451785,60.77596752445149,26.93640493006636,900,767
Constant covariance,213,84.7625254478467,57.320601536426985,27.441923911419714,718,1132
Constant covariance,214,92.7557727097325,58.63893090513008,34.116841804602416,949,971
Constant covariance,215,92.1182375968746,65.59426279157378,26.52397480530081,781,893
Constant covariance,216,101.514228836222,70.83577769218523,30.67845114403677,817,1029
Constant covariance,217,82.73109163888992,58.10379842187622,24.6272932170137,687,1148
Constant covariance,218,78.94496317836398,55.74039903695588,23.2045641414081,896,800
Constant covariance,219,76.64587936942176,55.97239474541521,20.673484624006555,543,1153
Constant covariance,220,100.55170560487413,63.832932303855706,36.71877330101842,549,1376
Constant covariance,221,83.98025295779533,56.18491390044498,27.795339057350347,591,1156
Constant covariance,222,83.30714678856216,67.57921679736972,15.72792999119244,826,1081
Constant covariance,223,90.23945538361998,59.51355771354795,30.725897670072037,847,1070
Constant covariance,224,93.93393795319547,61.241332516692125,32.69260543650334,793,901
Constant covariance,225,99.1947693040246,77.54503304326217,21.649736260762438,771,1046
Constant covariance,226,91.19253153516975,66.0029568471344,25.18957468803535,672,1136
Constant covariance,227,72.35640069481614,54.49539345030605,17.8610072445101,874,1148
Constant covariance,228,89.12394423535338,64.51132218127572,24.61262205407766,553,1148
Constant covariance,229,87.96519476911844,59.322793153985266,28.642401615133174,752,974
Constant covariance,230,89.20630475346711,61.0368581097235,28.169446643743612,978,752
Constant covariance,231,95.02344553659637,63.12560359928829,31.89784193730808,569,1226
Constant covariance,232,82.98070317896583,67.24018830834873,15.74051487061709,831,1005
Constant covariance,233,88.73307119468677,53.558630855770495,35.17444033891628,951,661
Constant covariance,234,88.12652659508815,66.59112853867714,21.53539805641101,755,988
Constant covariance,235,85.52388288199263,63.96012591579491,21.563756966197722,852,945
Constant covariance,236,80.59601107984011,61.87115541524947,18.724855664590642,697,1013
Constant covariance,237,81.46087861132865,54.11496424188457,27.34591436944408,808,1078
Constant covariance,238,97.21021007099976,60.89297094862717,36.31723912237259,510,1412
Constant covariance,239,86.93317367002926,65.50366087718913,21.42951279284013,936,848
Constant covariance,240,89.88196012681823,67.04031703287644,22.841643093941784,949,933
Constant covariance,241,91.72356860318892,71.62193574027883,20.101632862910094,540,1232
Constant covariance,242,87.06713209875677,69.49504936766044,17.57208273109633,676,1184
Constant covariance,243,98.69594367077019,60.60594483039885,38.089998840371344,833,850
Constant covariance,244,83.74794367560459,56.323255014537615,27.424688661066973,1077,645
Constant covariance,245,96.10516622629754,63.77566471330346,32.32950151299408,982,1011
Constant covariance,246,87.03407549411756,54.040584592698124,32.993490901419435,880,936
Constant covariance,247,92.35107209166125,48.06942663708134,44.28164545457991,768,809
Constant covariance,248,76.71584426115217,65.46251107014542,11.253333191006746,875,903
Constant covariance,249,85.09933294146983,60.945377739630445,24.15395520183938,697,927
Constant covariance,250,79.60421545417674,61.03644572417529,18.56776973000145,755,962
Constant covariance,251,73.14889260804699,52.72739444836909,20.421498159677903,1099,847
Constant covariance,252,89.50373458759326,61.62792177626325,27.875812811330007,686,925
Constant covariance,253,77.66611754238129,59.02641327848397,18.639704263897315,500,1237
Constant covariance,254,84.60920472777781,59.27315741230279,25.33604731547502,421,1341
Constant covariance,255,97.09550999436392,58.95843458359766,38.137075410766265,677,1052
Constant covariance,256,88.34143593421966,59.79826817606482,28.543167758154837,877,717
Constant covariance,257,100.31612027093523,68.20465348326951,32.11146678766572,880,1062
Constant covariance,258,83.4644602233415,61.782454515750146,21.682005707591358,862,1042
Constant covariance,259,82.70194910588583,58.01768009395583,24.68426901193,816,891
Constant covariance,260,85.87993259633262,60.533087203907925,25.346845392424697,804,963
Constant covariance,261,85.53388377005412,61.86073782377967,23.673145946274445,950,886
Constant covariance,262,96.21758914045961,63.710380396732056,32.50720874372755,745,1079
Constant covariance,263,95.6754880042705,66.41565932154799,29.259828682722514,545,1417
Constant covariance,264,109.73852111554942,64.70622309231116,45.032298023238255,557,1310
Constant covariance,265,87.78531057679047,65.90668302246003,21.878627554330436,680,1248
Constant covariance,266,87.99982210949446,61.82350783845396,26.176314271040496,597,1106
Constant covariance,267,91.3992515013177,55.982308596426904,35.4169429048908,660,1304
Constant covariance,268,85.8543541039448,52.48600096137416,33.36835314257064,799,1005
Constant covariance,269,89.23123034485786,55.91361045527853,33.31761988957933,856,988
Constant covariance,270,88.01362725550919,66.30088112871836,21.712746126790833,899,871
Constant covariance,271,74.4646054140665,58.581401829644676,15.883203584421821,888,850
Constant covariance,272,85.168388370308,67.3689803302087,17.799408040099294,684,1252
Constant covariance,273,90.56487455579598,52.111976180146456,38.452898375649525,751,1094
Constant covariance,274,86.69055750227663,61.4992759478822,25.191281554394436,854,1143
Constant covariance,275,94.68233098377848,61.63913074862229,33.04320023515619,694,1006
Constant covariance,276,83.9099408642089,68.05990622486691,15.850034639341999,918,834
Constant covariance,277,98.1837036500899,63.962234442285336,34.22146920780456,681,1044
Constant covariance,278,82.91230317581521,59.38939980374008,23.522903372075127,532,1186
Constant covariance,279,93.98846809412255,61.63706095546937,32.35140713865318,823,1055
Constant covariance,280,85.32129967299089,50.652555895612885,34.668743777378005,886,844
Constant covariance,281,91.9076145812039,69.55287821273168,22.354736368472217,555,1245
Constant covariance,282,78.89828758551562,56.48152881054639,22.416758774969225,843,796
Constant covariance,283,76.8586145164054,64.53868115286096,12.319933363544436,531,1167
Constant covariance,284,79.56683495058967,65.21410954547792,14.352725405111741,656,1180
Constant covariance,285,100.44181830294508,59.04361582952634,41.39820247341874,785,990
Constant covariance,286,99.55745340009265,66.36429579019021,33.19315760990244,757,1032
Constant covariance,287,91.31206371891253,62.24702766093582,29.065036057976705,848,1120
Constant covariance,288,83.59524011740488,56.68978950504813,26.905450612356752,431,1308
Constant covariance,289,93.51237259850859,67.52199951680885,25.990373081699744,873,871
Constant covariance,290,91.43477710275634,63.97428338085972,27.460493721896626,959,915
Constant covariance,291,81.82203771860021,55.88580879676383,25.93622892183638,587,1149
Constant covariance,292,85.42344223006342,56.68670746610201,28.736734763961408,709,1219
Constant covariance,293,96.76232013729974,67.74596133458296,29.01635880271678,951,756
Constant covariance,294,88.76814085116902,47.957581934541714,40.81055891662731,673,902
Constant covariance,295,79.4756347124802,65.87537189973003,13.600262812750174,538,1294
Constant covariance,296,89.1906846771301,45.82989003012927,43.36079464700082,688,1019
Constant covariance,297,97.80930489828393,65.43057703093068,32.37872786735325,731,1230
Constant covariance,298,87.98985913713211,63.55071287110562,24.439146266026498,923,750
Constant covariance,299,85.6317101798615,53.92981283213604,31.701897347725463,685,1262
Constant covariance,300,85.1876822572455,58.067570739543626,27.120111517701872,676,1187
Constant covariance,301,90.1379910972791,67.55971440684557,22.578276690433526,878,952
Constant covariance,302,82.58805047492835,69.10468813582155,13.483362339106804,719,1185
Constant covariance,303,92.74797001852853,62.4860941190611,30.261875899467434,763,1246
Constant covariance,304,86.67595134493791,57.42789380109763,29.248057543840282,845,947
Constant covariance,305,91.31500346048118,61.54733176805661,29.76767169242457,648,955
Constant covariance,306,81.45137528388729,52.978379587115214,28.472995696772074,645,1039
Constant covariance,307,87.65964342249158,65.56353007616238,22.096113346329204,756,964
Constant covariance,308,83.08121018357967,66.0132524003457,17.067957783233965,667,1167
Constant covariance,309,91.8360888241575,71.85185483947068,19.984233984686824,795,963
Constant covariance,310,94.17140253869974,64.1393496095172,30.03205292918254,766,1006
Constant covariance,311,102.00846125779466,76.08853444753193,25.919926810262737,500,1304
Constant covariance,312,100.15257360690211,67.54190742547085,32.610666181431256,746,1131
Constant covariance,313,96.15044250001715,61.32932481983961,34.82111768017754,610,1152
Constant covariance,314,100.3146884345509,67.21823432210434,33.096454112446565,871,873
Constant covariance,315,87.09425197467249,61.49766629042603,25.596585684246456,586,1174
Constant covariance,316,94.06248263019687,66.94242670119212,27.12005592900475,654,1069
Constant covariance,317,91.48721796921969,44.130511921980315,47.35670604723937,814,1050
Constant covariance,318,76.2499600137821,57.636475655422515,18.613484358359585,943,759
Constant covariance,319,89.87109680527087,59.97323820518882,29.897858600082046,694,1108
Constant covariance,320,90.09405216397762,61.97167117890892,28.122380985068702,888,778
Constant covariance,321,92.09789684827292,60.34855133458783,31.749345513685093,731,1034
Constant covariance,322,84.23420178161119,66.39598725193461,17.838214529676577,752,888
Constant covariance,323,80.97244939089113,56.49278270543813,24.479666685452997,685,1031
Constant covariance,324,87.84217281337851,60.53418941528935,27.307983398089164,677,1169
Constant covariance,325,89.29825893367595,74.5898771118363,14.708381821839652,649,1080
Constant covariance,326,83.29595757958467,61.70292221422047,21.593035365364194,851,873
Constant covariance,327,91.1135686113374,62.147563793605684,28.966004817731715,937,823
Constant covariance,328,86.42773747292682,75.03394990574117,11.393787567185655,822,971
Constant covariance,329,90.11599914002493,63.171709330562315,26.94428980946261,744,1101
Constant covariance,330,81.54189531896712,54.54758762456685,26.99430769440027,594,1227
Constant covariance,331,84.6144811675786,64.32807078564699,20.286410381931617,588,971
Constant covariance,332,100.72892612938364,68.35594466391271,32.37298146547093,653,1231
Constant covariance,333,87.68235608274037,64.32720760779456,23.355148474945807,806,1013
Constant covariance,334,76.22939589296631,51.348876211078455,24.880519681887854,876,868
Constant covariance,335,75.87549768194347,52.59358975299771,23.281907928945763,636,1118
Constant covariance,336,82.7676942447114,62.676024954467806,20.091669290243587,599,1135
Constant covariance,337,92.46086326705314,61.128635043124504,31.332228223928638,573,1166
Constant covariance,338,91.84377281206375,57.18701519197311,34.65675762009064,836,972
Constant covariance,339,84.81736478100393,46.0198895982413,38.79747518276263,902,928
Constant covariance,340,91.43417718196363,61.486981300074724,29.94719588188891,840,939
Constant covariance,341,78.46099525999094,59.11150367701393,19.34949158297701,934,970
Constant covariance,342,88.15967327464759,61.76176189844207,26.39791137620552,956,837
Constant covariance,343,94.08484225572391,53.54103048374064,40.54381177198327,819,948
Constant covariance,344,83.01328957968445,56.88475531054819,26.128534269136267,750,689
Constant covariance,345,88.17167836423997,56.573348979356446,31.59832938488352,806,835
Constant covariance,346,86.49993181403839,63.29157642369141,23.20835539034698,932,831
Constant covariance,347,93.61536822933097,57.63912065633701,35.976247572993955,1027,700
Constant covariance,348,86.95049642639503,64.97626307598232,21.974233350412717,634,1228
Constant covariance,349,91.45122993089733,57.701762870535084,33.74946706036224,577,1008
Constant covariance,350,90.55338220417242,73.1190004635884,17.434381740584016,682,1077
Constant covariance,351,80.59351814629282,50.081896305941285,30.511621840351538,1061,847
Constant covariance,352,74.2244524124306,51.98897363038894,22.235478782041653,779,691
Constant covariance,353,92.51332365300055,62.305617255632605,30.20770639736795,819,1090
Constant covariance,354,92.39773836089891,64.41250601147708,27.985232349421835,646,1115
Constant covariance,355,97.06156944729454,65.19109201406049,31.870477433234058,535,1323
Constant covariance,356,96.81336913072329,51.60519663923221,45.20817249149108,1152,751
Constant covariance,357,84.53819475903406,56.68433011831902,27.853864640715038,862,905
Constant covariance,358,89.3335654689702,60.68965739374518,28.643908075225028,718,1117
Constant covariance,359,98.96164235535318,55.336881106432166,43.62476124892101,900,824
Constant covariance,360,87.52436254690376,55.70571031868221,31.818652228221552,751,1008
Constant covariance,361,95.61678578227516,63.375507597558396,32.24127818471676,486,1320
Constant covariance,362,88.98692748561214,69.15395028802646,19.832977197585677,672,1013
Constant covariance,363,89.98327907226403,59.41225008919877,30.571028983065254,707,1019
Constant covariance,364,91.65827200336406,54.10646732491857,37.55180467844549,843,933
Constant covariance,365,88.3431999930051,67.35358126247446,20.989618730530637,724,1228
Constant covariance,366,82.01318213281057,58.24185030046468,23.771331832345894,586,1078
Constant covariance,367,93.04193518665538,62.49561359294222,30.54632159371316,521,1302
Constant covariance,368,92.8321323509517,61.01357567968132,31.81855667127038,667,1172
Constant covariance,369,83.71883497800957,65.12790901481671,18.59092596319286,552,1211
Constant covariance,370,87.71950535578375,52.55555761558331,35.16394774020044,846,1012
Constant covariance,371,93.11648470913791,60.338622233771574,32.777862475366334,733,1185
Constant covariance,372,96.13935535870587,67.61599857295037,28.523356785755496,622,1311
Constant covariance,373,74.70109314123009,59.8050589997467,14.89603414148339,702,960
Constant covariance,374,90.00018955985347,72.21393439880472,17.786255161048743,866,985
Constant covariance,375,94.43616213016324,51.96891399610647,42.46724813405677,747,1011
Constant covariance,376,94.47509197900987,57.73754793229084,36.73754404671904,878,882
Constant covariance,377,77.24928542653234,57.93554111193615,19.313744314596185,771,995
Constant covariance,378,98.43721273654123,58.26483183957441,40.172380896966814,675,1094
Constant covariance,379,87.32163808575285,51.67340421715939,35.648233868593465,613,1053
Constant covariance,380,92.22445750062867,62.47234223899337,29.752115261635304,862,815
Constant covariance,381,89.31012248361034,67.03111227635993,22.27901020725041,868,881
Constant covariance,382,85.56240209230387,67.60583371973485,17.956568372569023,792,740
Constant covariance,383,74.94909959222929,66.83792850404147,8.111171088187817,669,1187
Constant covariance,384,90.16323752764927,54.75184728043225,35.41139024721702,767,961
Constant covariance,385,85.35239124382129,68.30044153309419,17.0519497107271,746,766
Constant covariance,386,88.58704582863224,64.28818354395503,24.298862284677213,798,1230
Constant covariance,387,81.48911881307305,61.442207095570026,20.046911717503022,534,1126
Constant covariance,388,91.2916867430329,58.01039676000915,33.28128998302375,740,1044
Constant covariance,389,89.36835890061376,63.54898374244207,25.819375158171688,829,972
Constant covariance,390,89.37121146885654,62.19816018484266,27.17305128401388,470,1173
Constant covariance,391,102.47555029866508,76.62381161977709,25.851738678887997,590,952
Constant covariance,392,76.26945621773817,71.20207795893437,5.067378258803799,830,844
Constant covariance,393,76.1655192154501,52.90054025407924,23.264978961370865,663,1106
Constant covariance,394,86.64378811158106,50.83673309427543,35.80705501730563,873,891
Constant covariance,395,94.22268080390941,59.1022470045957,35.120433799313716,677,1071
Constant covariance,396,84.97941669570223,67.95985767305325,17.019559022648977,661,1163
Constant covariance,397,90.88798873185446,64.76900648653238,26.118982245322087,743,1026
Constant covariance,398,92.88025066335818,55.28199986072071,37.59825080263747,822,838
Constant covariance,399,89.2362232612577,54.38847633269152,34.84774692856619,674,1266
Constant covariance,400,100.36391310723012,61.9315309729549,38.432382134275215,615,1116
Constant covariance,401,94.19204031637929,57.02399223150039,37.168048084878905,913,889
Constant covariance,402,94.49341934865365,75.1593439058753,19.334075442778342,1026,634
Constant covariance,403,84.29795478317712,53.27095849484172,31.026996288335397,861,806
Constant covariance,404,99.85929526372514,68.43958474851749,31.419710515207655,811,837
Constant covariance,405,79.08070653911612,51.897371897132395,27.183334641983727,523,1197
Constant covariance,406,87.58452336442738,63.7815310398378,23.80299232458958,794,824
Constant covariance,407,92.44933790759681,66.7948784999347,25.654459407662117,739,1175
Constant covariance,408,84.49788452353143,61.38396594615435,23.113918577377078,671,1202
Constant covariance,409,90.9600212546064,66.51081308804447,24.44920816656193,1127,805
Constant covariance,410,74.67807857351998,55.40015115040401,19.277927423115976,693,1081
Constant covariance,411,95.92501477035198,74.8343372585744,21.090677511777585,839,893
Constant covariance,412,100.0631282378272,55.49367216703173,44.56945607079547,542,1278
Constant covariance,413,82.16593549168374,53.97354328854098,28.19239220314276,604,1017
Constant covariance,414,87.23061357413745,72.40348795075715,14.827125623380297,840,1009
Constant covariance,415,94.06998748720301,50.93437039301532,43.13561709418769,905,1028
Constant covariance,416,90.73775972067511,64.25928483337833,26.478474887296784,1076,1072
Constant covariance,417,93.90343998298914,60.09996242242709,33.80347756056205,843,972
Constant covariance,418,81.30901239228471,65.27265975993927,16.03635263234544,900,885
Constant covariance,419,96.43234935743043,62.17037700849793,34.261972348932495,1019,850
Constant covariance,420,106.49777980949065,59.92668420073647,46.571095608754185,788,1088
Constant covariance,421,99.77384335346946,75.93955211856048,23.834291234908974,764,1019
Constant covariance,422,87.76104926743136,66.06786190151631,21.69318736591505,566,1105
Constant covariance,423,87.85069340531126,54.61393072263908,33.23676268267218,996,857
Constant covariance,424,83.67077757071971,59.648722423162454,24.022055147557253,1123,781
Constant covariance,425,88.47904490364083,59.66685280410661,28.812192099534215,502,1078
Constant covariance,426,77.95467474557272,55.74158153453932,22.213093211033396,699,1191
Constant covariance,427,88.60105788242957,65.95416469811876,22.646893184310812,685,1072
Constant covariance,428,80.24592569554294,61.21084086060287,19.035084834940065,600,1126
Constant covariance,429,89.75394242935572,69.86058657116959,19.893355858186126,901,908
Constant covariance,430,94.5926585969794,60.255018317605774,34.33764027937363,615,1219
Constant covariance,431,86.06974109921633,59.65389345466917,26.415847644547156,773,1037
Constant covariance,432,90.60117634334645,63.780183736228196,26.820992607118257,707,1265
Constant covariance,433,83.72722908150062,56.73067126021961,26.996557821281016,735,1030
Constant covariance,434,87.60308218528758,60.11435519979133,27.488726985496243,929,880
Constant covariance,435,81.15074608112933,63.956687445945526,17.1940586351838,555,1120
Constant covariance,436,90.1915655260171,63.62454738753336,26.56701813848374,797,1200
Constant covariance,437,82.58053065630769,73.10694200826462,9.473588648043062,827,987
Constant covariance,438,87.36753958682769,62.60437620771207,24.763163379115618,618,866
Constant covariance,439,86.2629016917502,58.836662771567795,27.426238920182406,844,956
Constant covariance,440,98.40571932680135,61.37694804005988,37.02877128674147,789,1028
Constant covariance,441,83.30571487044675,59.27589173281342,24.02982313763333,794,874
Constant covariance,442,89.538544835883,61.845330810547864,27.693214025335138,776,1009
Constant covariance,443,84.1621631529299,59.399663877300796,24.76249927562911,627,1139
Constant covariance,444,100.91006827393643,63.14473539808904,37.76533287584739,623,962
Constant covariance,445,82.29524430730568,56.56261530132813,25.73262900597755,802,1006
Constant covariance,446,92.88526056815975,57.87039400678928,35.01486656137047,1042,717
Constant covariance,447,87.88956763251245,66.42596913848307,21.463598494029384,473,1180
Constant covariance,448,72.3565274452619,48.08668660640309,24.269840838858812,657,1096
Constant covariance,449,82.3426304575281,60.32078440360298,22.021846053925124,856,870
Constant covariance,450,106.53035576253563,65.68128934697118,40.84906641556445,587,1198
Constant covariance,451,87.7489705686772,63.16661265071548,24.582357917961716,545,1066
Constant covariance,452,85.14062874490409,66.10324551890398,19.037383226000117,858,925
Constant covariance,453,95.24790384501904,63.79741713681394,31.450486708205098,821,906
Constant covariance,454,79.614337779669,65.61621354581858,13.998124233850419,698,1005
Constant covariance,455,86.18900725250548,66.61002051111622,19.578986741389258,914,900
Constant covariance,456,90.48806360027694,52.165100106312096,38.32296349396485,722,1154
Constant covariance,457,82.0574051401397,59.947817512366534,22.109587627773173,1087,750
Constant covariance,458,94.3316446796716,60.24024705719684,34.09139762247476,933,894
Constant covariance,459,84.52831548311609,64.43482711822908,20.09348836488701,953,803
Constant covariance,460,82.86171316235321,63.113155670162705,19.748557492190507,601,1255
Constant covariance,461,91.67953703492591,52.56068953414154,39.118847500784376,999,1034
Constant covariance,462,97.53675189282473,62.6883511626319,34.84840073019282,904,935
Constant covariance,463,84.17698349113616,65.47342280749358,18.70356068364258,938,678
Constant covariance,464,90.35246524715951,65.07383627235023,25.27862897480928,848,964
Constant covariance,465,88.75511742490075,60.84586106031142,27.909256364589325,778,935
Constant covariance,466,96.33094533885362,64.58010018277771,31.75084515607591,853,1091
Constant covariance,467,99.65757303257149,58.46126803005681,41.196305002514684,791,1232
Constant covariance,468,81.48657642242817,63.941377626357905,17.545198796070267,570,1269
Constant covariance,469,88.15253838282298,62.45615241714083,25.696385965682154,734,932
Constant covariance,470,89.24898035619611,69.31078474794627,19.938195608249842,803,1062
Constant covariance,471,93.07814915808433,63.07597396737971,30.00217519070462,783,831
Constant covariance,472,85.76354589909387,49.768439358792165,35.995106540301705,787,989
Constant covariance,473,93.11913401795974,64.19101219759396,28.928121820365774,1195,795
Constant covariance,474,85.02136673980519,60.659307862456565,24.362058877348623,747,1003
Constant covariance,475,89.45839079613569,56.92065671592306,32.53773408021263,741,1069
Constant covariance,476,87.84880419282474,70.92480623345456,16.923997959370183,705,1091
Constant covariance,477,85.55185520502528,62.697181891686924,22.854673313338353,906,914
Constant covariance,478,89.01748366221102,59.91900063183706,29.098483030373963,912,735
Constant covariance,479,87.47575822814274,55.90627656819533,31.569481659947407,481,1248
Constant covariance,480,92.8562769991766,62.066069482858296,30.790207516318304,625,1169
Constant covariance,481,89.08016945445581,60.09389269850729,28.986276755948523,972,686
Constant covariance,482,92.62831190662246,61.15055305978371,31.477758846838746,851,958
Constant covariance,483,77.36689684850748,68.30440962902011,9.062487219487366,848,785
Constant covariance,484,84.81792495660139,53.60005758512599,31.2178673714754,723,875
Constant covariance,485,83.8329251633409,64.90917465949,18.923750503850897,848,985
Constant covariance,486,94.10831063168378,79.17702240897408,14.931288222709696,902,915
Constant covariance,487,80.4738510572897,53.81181884691056,26.662032210379145,706,1069
Constant covariance,488,104.17714601510501,66.11774093303012,38.05940508207489,819,1190
Constant covariance,489,87.73244978570412,63.473647575163,24.25880221054112,513,1188
Constant covariance,490,77.33304267930004,56.64062646794239,20.692416211357646,584,1137
Constant covariance,491,87.77874095173242,52.92209038439066,34.85665056734176,718,998
Constant covariance,492,81.3237677911319,69.3176713063015,12.006096484830394,422,1308
Constant covariance,493,88.27168137605027,62.86464363051464,25.407037745535625,867,958
Constant covariance,494,94.93643031557343,70.77823977389134,24.15819054168209,930,782
Constant covariance,495,88.36362663789015,62.09187201604336,26.27175462184679,701,1264
Constant covariance,496,81.83190520387132,63.092470510252,18.739434693619316,819,986
Constant covariance,497,84.47868333653916,67.44468279568682,17.034000540852347,560,1259
Constant covariance,498,93.92872858387649,60.99397535004007,32.934753233836425,821,1086
Constant covariance,499,90.24948841447245,62.988749704640156,27.260738709832296,808,1135
Stochastic covariance,0,81.27294289676034,68.9920098775344,12.280933019225941,615,668
Stochastic covariance,1,76.85603571163279,74.5066129121785,2.3494227994542882,682,1030
Stochastic covariance,2,104.48596382164068,48.958102248592986,55.527861573047694,647,965
Stochastic covariance,3,95.56125974339692,63.29102485837976,32.27023488501716,863,1070
Stochastic covariance,4,75.96378811613859,66.70581555573128,9.25797256040731,779,1134
Stochastic covariance,5,85.19875083646247,69.41887214153797,15.779878694924491,1049,625
Stochastic covariance,6,94.42439406115967,72.63979933327029,21.784594727889385,912,1021
Stochastic covariance,7,97.32762796985645,58.22252547886693,39.10510249098952,729,1056
Stochastic covariance,8,90.6409130547657,60.75144035759532,29.889472697170383,1022,950
Stochastic covariance,9,90.45096033261521,60.570438627627894,29.880521704987316,939,821
Stochastic covariance,10,78.02901775154885,51.80349215570711,26.225525595841738,425,908
Stochastic covariance,11,80.30875880764675,59.34408744081593,20.96467136683082,799,816
Stochastic covariance,12,89.80308650178341,53.99591918358983,35.807167318193585,579,1074
Stochastic covariance,13,81.7147922712986,60.1513555623515,21.56343670894711,658,852
Stochastic covariance,14,92.77795197827022,72.1455866125101,20.632365365760123,835,715
Stochastic covariance,15,80.69074396737481,60.271620245636164,20.41912372173865,738,950
Stochastic covariance,16,98.99772305886755,61.43632026948109,37.56140278938646,638,1255
Stochastic covariance,17,96.34546076180857,76.978687724026,19.366773037782565,387,973
Stochastic covariance,18,93.3442543960339,65.37512458607577,27.969129809958133,765,1101
Stochastic covariance,19,78.14735145753563,56.9785706382628,21.168780819272833,706,757
Stochastic covariance,20,84.62797566684958,81.86824202623528,2.7597336406143,753,1195
Stochastic covariance,21,79.89968118813492,64.20090738300284,15.698773805132078,990,652
Stochastic covariance,22,85.52020165581821,53.925320209626214,31.594881446191998,746,779
Stochastic covariance,23,79.09650795665098,57.71684495017976,21.37966300647122,664,1415
Stochastic covariance,24,80.90687641745855,64.04919290949589,16.857683507962662,759,925
Stochastic covariance,25,86.62846752548377,50.41955899919132,36.208908526292454,731,997
Stochastic covariance,26,96.36254496576935,57.97617753731419,38.38636742845515,719,1028
Stochastic covariance,27,102.28391608675447,62.82298122126865,39.460934865485825,868,974
Stochastic covariance,28,88.39185564036093,57.56856719599057,30.823288444370363,736,1021
Stochastic covariance,29,87.74744605099693,50.391330210542925,37.356115840454,557,1178
Stochastic covariance,30,92.04206441475671,48.81050916317589,43.23155525158082,722,1068
Stochastic covariance,31,91.80428083444633,53.92748033911693,37.8768004953294,550,1058
Stochastic covariance,32,93.69849974894021,63.8547673723555,29.84373237658471,491,996
Stochastic covariance,33,96.79779003192111,54.563692326823535,42.234097705097575,597,1182
Stochastic covariance,34,106.48518967551516,67.41272015979882,39.072469515716335,566,1024
Stochastic covariance,35,88.38712133596549,56.86983793660548,31.51728339936001,480,1067
Stochastic covariance,36,83.9665807483266,67.35561671711503,16.61096403121158,630,1104
Stochastic covariance,37,85.37013495720525,62.67178224892171,22.698352708283544,1003,838
Stochastic covariance,38,81.05554788452417,59.99189216592902,21.06365571859515,719,979
Stochastic covariance,39,80.82201679175671,74.91771613330297,5.904300658453735,801,810
Stochastic covariance,40,88.61424015811865,57.98010469731721,30.63413546080144,437,1265
Stochastic covariance,41,89.6819712828862,73.17200100009667,16.509970282789524,796,758
Stochastic covariance,42,70.65247329763291,64.10872576613983,6.543747531493082,501,1132
Stochastic covariance,43,83.45857036368011,60.59854570665453,22.860024657025583,891,1409
Stochastic covariance,44,76.09008295139459,73.11920455607742,2.970878395317172,613,1033
Stochastic covariance,45,101.64952988026592,58.85402633109471,42.79550354917121,584,1133
Stochastic covariance,46,81.79068562807151,73.22484984483593,8.565835783235585,865,746
Stochastic covariance,47,109.71164473826666,57.36808978677792,52.343554951488734,715,1005
Stochastic covariance,48,82.22741708909093,71.66914451294365,10.558272576147289,643,663
Stochastic covariance,49,96.60796979168245,65.53604057724135,31.0719292144411,830,814
Stochastic covariance,50,100.52370225047888,60.88721123608572,39.63649101439316,655,959
Stochastic covariance,51,77.817075368852,56.830496771949846,20.986578596902156,607,1204
Stochastic covariance,52,80.10704699901407,64.74160501072923,15.365441988284843,818,967
Stochastic covariance,53,94.81576861143797,58.50239700401379,36.31337160742419,881,888
Stochastic covariance,54,89.93015447309378,53.57618799537317,36.35396647772061,661,1132
Stochastic covariance,55,96.49300124668017,59.68921520281822,36.80378604386195,650,740
Stochastic covariance,56,85.79949998461313,49.903869647076725,35.89563033753641,685,900
Stochastic covariance,57,85.41152683557387,64.37784260181684,21.03368423375703,697,1057
Stochastic covariance,58,91.2427722394552,51.74233758762654,39.50043465182867,959,1128
Stochastic covariance,59,96.86147176734576,57.75225302166361,39.10921874568215,554,997
Stochastic covariance,60,80.59063745219878,59.271838322645216,21.31879912955356,576,965
Stochastic covariance,61,92.15470940470745,56.35407309567648,35.80063630903096,621,1205
Stochastic covariance,62,77.2775965774058,59.343439418230034,17.93415715917577,915,1085
Stochastic covariance,63,69.17757451382879,73.09338389521945,-3.915809381390659,769,790
Stochastic covariance,64,75.82715126404506,65.52455215959813,10.302599104446927,507,1094
Stochastic covariance,65,94.77781957355167,62.15982348851352,32.61799608503815,361,906
Stochastic covariance,66,105.72774325859642,58.25994805773847,47.46779520085795,811,1070
Stochastic covariance,67,106.70585369611804,53.8204258245456,52.88542787157244,751,1155
Stochastic covariance,68,80.9267376153806,55.333343691441634,25.59339392393897,476,798
Stochastic covariance,69,78.94251146996184,50.79123794468283,28.151273525279016,647,1204
Stochastic covariance,70,76.67834592357264,56.292122371242655,20.38622355232998,567,1022
Stochastic covariance,71,95.72512265402092,59.06659686088021,36.65852579314071,659,880
Stochastic covariance,72,90.23708747106274,52.11223515380169,38.124852317261045,699,908
Stochastic covariance,73,82.48517017004377,62.82443071938063,19.660739450663144,694,1097
Stochastic covariance,74,74.34581592145238,58.02858487901428,16.317231042438102,594,1150
Stochastic covariance,75,99.80257398034135,61.27791978393897,38.52465419640238,902,1030
Stochastic covariance,76,89.08591747068861,72.39255719995792,16.693360270730693,568,1321
Stochastic covariance,77,85.05338872780789,58.15728050285792,26.896108224949963,890,1059
Stochastic covariance,78,84.49508322426561,54.74574820460083,29.749335019664784,1037,1104
Stochastic covariance,79,79.70388077063421,62.610507224387554,17.09337354624666,774,869
Stochastic covariance,80,87.41368804989979,57.820525482639425,29.593162567260364,785,772
Stochastic covariance,81,87.31713012206362,49.12758556427901,38.18954455778461,652,1103
Stochastic covariance,82,86.99543852715816,59.707975194258765,27.287463332899392,554,1054
Stochastic covariance,83,71.19102523088397,72.27505872426336,-1.084033493379394,632,996
Stochastic covariance,84,105.27859423971317,60.756772767197134,44.52182147251604,741,1113
Stochastic covariance,85,71.55975632901502,64.26641872065801,7.293337608357007,856,1079
Stochastic covariance,86,82.25978629433804,54.90938861322268,27.35039768111536,751,1209
Stochastic covariance,87,79.95679401816236,60.128456687628834,19.82833733053352,865,952
Stochastic covariance,88,82.47171790793031,57.33630680996438,25.135411097965935,920,955
Stochastic covariance,89,97.53784502178601,63.80791339701742,33.72993162476859,678,1036
Stochastic covariance,90,82.76367461919858,61.04464152280549,21.71903309639309,626,836
Stochastic covariance,91,113.18429435237037,53.844220126754294,59.34007422561608,682,1063
Stochastic covariance,92,88.60050374674489,84.6557872527495,3.9447164939953865,553,1106
Stochastic covariance,93,85.23202123417184,63.88075228597948,21.351268948192356,714,958
Stochastic covariance,94,85.69677168952022,56.25295970532668,29.443811984193538,671,915
Stochastic covariance,95,108.21244337785846,44.50300815752082,63.709435220337646,956,1061
Stochastic covariance,96,96.57522518076063,46.119865786032,50.455359394728625,708,1210
Stochastic covariance,97,81.4815578050113,61.480957257494076,20.00060054751723,717,951
Stochastic covariance,98,72.71031017817735,65.77694548113753,6.933364697039821,692,1216
Stochastic covariance,99,84.52281332048516,55.617328948548725,28.90548437193643,626,1086
Stochastic covariance,100,93.41161341432421,57.45267780076459,35.95893561355962,822,1105
Stochastic covariance,101,87.8966812080693,70.20288172744678,17.693799480622516,456,1072
Stochastic covariance,102,78.60700249665081,73.46580533690775,5.141197159743058,732,930
Stochastic covariance,103,97.70486173948339,55.53167422361126,42.17318751587213,830,1075
Stochastic covariance,104,101.4973645661886,57.668497623597105,43.82886694259149,888,1036
Stochastic covariance,105,81.13876958052535,50.618380863452145,30.520388717073203,555,1156
Stochastic covariance,106,94.54759934808106,61.53222708433915,33.01537226374192,617,963
Stochastic covariance,107,93.34496899533958,68.09979698277337,25.245172012566215,552,1164
Stochastic covariance,108,89.96418293938507,57.16891910376676,32.79526383561831,691,887
Stochastic covariance,109,90.99827616341393,64.13335075042299,26.864925412990942,739,976
Stochastic covariance,110,97.78008010377222,55.5133680917413,42.26671201203092,700,1120
Stochastic covariance,111,76.74911982277384,65.44632079014316,11.302799032630674,696,745
Stochastic covariance,112,73.38528959979772,72.81307555147173,0.5722140483259892,457,954
Stochastic covariance,113,90.9330845921596,56.757655224656126,34.175429367503476,1029,1082
Stochastic covariance,114,96.50815968240377,69.45162706045252,27.05653262195125,838,1270
Stochastic covariance,115,84.71880489611212,65.576523616982,19.142281279130117,674,1003
Stochastic covariance,116,85.17623288401302,75.18252073492116,9.993712149091863,451,1176
Stochastic covariance,117,80.87904467541745,59.348110607325395,21.53093406809205,871,867
Stochastic covariance,118,87.34999525989545,57.98857576539098,29.361419494504467,695,978
Stochastic covariance,119,83.75629608221757,62.8930762081442,20.863219874073373,824,1157
Stochastic covariance,120,98.98144336295255,58.668381350596654,40.31306201235589,858,1097
Stochastic covariance,121,90.45171707270937,46.52690738846763,43.924809684241744,670,874
Stochastic covariance,122,73.24325060376151,65.91202500027582,7.3312256034856915,595,897
Stochastic covariance,123,103.03921497238727,64.26627894039892,38.77293603198835,908,996
Stochastic covariance,124,98.01786236660242,67.3641334421826,30.65372892441981,589,1083
Stochastic covariance,125,88.5768564907292,65.02720177530598,23.549654715423216,959,1207
Stochastic covariance,126,76.95659267448528,63.31231473163636,13.644277942848916,907,856
Stochastic covariance,127,80.68743262022006,78.0106893516742,2.676743268545863,778,1065
Stochastic covariance,128,92.54563051364255,63.54692498544194,28.99870552820061,712,989
Stochastic covariance,129,102.45274831786216,64.36682753454714,38.08592078331502,586,1168
Stochastic covariance,130,74.36196017530186,64.2819816358866,10.079978539415265,698,743
Stochastic covariance,131,91.42669831314954,72.03334719719885,19.393351115950693,681,820
Stochastic covariance,132,86.9444693385594,59.53425228781389,27.41021705074551,820,989
Stochastic covariance,133,88.60325296391997,53.85423148281437,34.7490214811056,484,976
Stochastic covariance,134,82.90668804041277,75.48593794583772,7.420750094575055,805,597
Stochastic covariance,135,72.59673074547496,66.79485434256236,5.8018764029125975,837,914
Stochastic covariance,136,76.55567129276494,60.11025901092756,16.445412281837385,957,1133
Stochastic covariance,137,68.69531283358617,55.486065161954265,13.209247671631907,785,1239
Stochastic covariance,138,92.92269838693214,67.06724783621942,25.855450550712717,680,889
Stochastic covariance,139,73.22753423207816,64.14194852833168,9.085585703746474,622,1034
Stochastic covariance,140,90.06625103254461,64.54382200231869,25.522429030225922,596,1188
Stochastic covariance,141,84.94888693261859,57.76524331837313,27.18364361424546,1055,808
Stochastic covariance,142,80.43079629788464,77.92560635696847,2.5051899409161678,789,946
Stochastic covariance,143,78.40771526141623,50.06408645134642,28.34362881006981,603,897
Stochastic covariance,144,88.02841296971752,69.39766483653081,18.630748133186714,750,1066
Stochastic covariance,145,88.32593615271239,58.64475287428056,29.681183278431824,719,1209
Stochastic covariance,146,111.04726093945764,59.00860062493487,52.03866031452277,395,1095
Stochastic covariance,147,82.75929828889447,48.41030989287957,34.3489883960149,715,1183
Stochastic covariance,148,80.12696001850595,62.972512069858716,17.15444794864724,389,1080
Stochastic covariance,149,91.96782798024202,63.845805120779666,28.122022859462355,806,969
Stochastic covariance,150,93.15446258486168,63.08983239733014,30.064630187531534,918,996
Stochastic covariance,151,82.09211952577863,60.21184927170926,21.880270254069366,829,827
Stochastic covariance,152,81.63286357500272,59.466430932162126,22.16643264284059,941,882
Stochastic covariance,153,82.65916123846438,66.68151839500611,15.97764284345827,832,1018
Stochastic covariance,154,92.57506611159742,55.97247789001774,36.60258822157968,558,1330
Stochastic covariance,155,89.32678673505242,63.98793658900151,25.338850146050916,545,1086
Stochastic covariance,156,81.47991788102917,74.64535467528516,6.834563205744004,675,1066
Stochastic covariance,157,75.30546136024225,62.254050315081656,13.051411045160592,581,803
Stochastic covariance,158,77.6864462702132,58.24964164224854,19.436804627964655,513,1307
Stochastic covariance,159,78.66663277857916,70.5818082561467,8.084824522432456,736,945
Stochastic covariance,160,102.4793176162359,58.38247657828267,44.09684103795323,666,887
Stochastic covariance,161,73.16597913591363,64.1872765396984,8.978702596215228,823,917
Stochastic covariance,162,78.41985827342148,71.946668714709,6.473189558712477,634,1155
Stochastic covariance,163,80.22950443089934,64.42992764268969,15.799576788209649,505,1059
Stochastic covariance,164,102.20232855635659,69.39275986563383,32.809568690722756,716,1047
Stochastic covariance,165,61.99511304557367,63.753920010489225,-1.758806964915557,688,1087
Stochastic covariance,166,93.30662790998898,50.20766625582139,43.09896165416759,532,1090
Stochastic covariance,167,85.6256730007206,63.74941219602412,21.87626080469648,666,750
Stochastic covariance,168,71.22917308212988,68.84392460125642,2.3852484808734573,794,908
Stochastic covariance,169,80.70384490894466,71.93873484398866,8.765110064956005,680,1028
Stochastic covariance,170,78.15134533435324,74.3055472185173,3.845798115835933,664,1022
Stochastic covariance,171,77.01248458393337,66.24529700427668,10.767187579656692,734,785
Stochastic covariance,172,84.29818208543395,52.925894137718984,31.372287947714966,678,653
Stochastic covariance,173,91.60131832015102,49.03716324540361,42.56415507474741,731,1089
Stochastic covariance,174,88.53003275252661,55.80466482509355,32.725367927433055,744,840
Stochastic covariance,175,66.20623756161162,68.15698421779938,-1.9507466561877607,657,950
Stochastic covariance,176,73.8340914375466,66.12393161222253,7.7101598253240695,865,914
Stochastic covariance,177,79.84307293237912,58.13055811703535,21.712514815343766,592,1289
Stochastic covariance,178,76.32455648877092,67.73603869711273,8.588517791658191,716,732
Stochastic covariance,179,89.01954735444632,63.94397255830694,25.075574796139378,675,1016
Stochastic covariance,180,63.799127899042055,63.356444301486235,0.44268359755582054,1007,853
Stochastic covariance,181,98.67663268296509,57.54658273944489,41.130049943520206,572,653
Stochastic covariance,182,89.01089650979677,66.26685375584809,22.744042753948676,817,1073
Stochastic covariance,183,78.45471796561145,57.13974277446829,21.314975191143162,619,1299
Stochastic covariance,184,81.50878008098064,69.78101691655468,11.727763164425966,535,928
Stochastic covariance,185,76.53432390703311,66.41803453578689,10.116289371246225,772,688
Stochastic covariance,186,96.89714553372526,47.06035636374575,49.83678916997952,707,1264
Stochastic covariance,187,80.88553500746322,62.34407102818113,18.541463979282085,625,899
Stochastic covariance,188,92.37635193683818,56.80430936953068,35.5720425673075,577,1066
Stochastic covariance,189,86.95487829864648,53.42048727471585,33.534391023930624,657,846
Stochastic covariance,190,77.53798296582234,58.68291256336187,18.85507040246047,712,1063
Stochastic covariance,191,75.0698152074757,64.48685751416623,10.582957693309467,706,1066
Stochastic covariance,192,82.44768432536817,83.04555479977878,-0.5978704744106125,618,1328
Stochastic covariance,193,87.7728940065069,59.00310904968749,28.769784956819414,556,889
Stochastic covariance,194,78.17926086506921,66.31402517881217,11.865235686257037,508,1331
Stochastic covariance,195,102.34046575499795,53.713197988446815,48.627267766551135,655,1033
Stochastic covariance,196,95.43168427670493,53.50771828940766,41.923965987297265,728,942
Stochastic covariance,197,101.23859661685184,67.69063351330851,33.547963103543324,579,777
Stochastic covariance,198,93.45520943804611,48.4116028923031,45.04360654574301,783,939
Stochastic covariance,199,88.94751524720184,60.01316647222068,28.934348774981153,599,1124
Stochastic covariance,200,82.00736462692933,61.174866527791636,20.832498099137695,783,1144
Stochastic covariance,201,75.29649891500358,67.07747213882709,8.219026776176491,508,970
Stochastic covariance,202,82.60906349430805,52.38202481076146,30.22703868354659,539,1013
Stochastic covariance,203,86.0797319134595,61.15707039135648,24.92266152210302,641,950
Stochastic covariance,204,85.23732098021858,66.55020606101878,18.6871149191998,1031,581
Stochastic covariance,205,88.54273245806256,58.559358790132656,29.983373667929904,753,1159
Stochastic covariance,206,82.4088429279886,55.93087789382935,26.477965034159254,755,1057
Stochastic covariance,207,93.63259468785701,53.32922986024161,40.3033648276154,631,1254
Stochastic covariance,208,100.26451467397489,52.85649427183432,47.408020402140565,878,832
Stochastic covariance,209,81.88568461234969,68.36330877869156,13.522375833658131,856,817
Stochastic covariance,210,86.98849839334396,60.478491579559496,26.510006813784464,662,1050
Stochastic covariance,211,112.01334194286994,66.25351381519792,45.75982812767202,738,1123
Stochastic covariance,212,88.5792308194363,70.45821269438656,18.121018125049744,779,922
Stochastic covariance,213,78.47919446584812,76.12942740053548,2.3497670653126477,562,1090
Stochastic covariance,214,94.4768517322106,59.53393242833609,34.94291930387452,495,988
Stochastic covariance,215,97.44380282255005,66.73420290170831,30.70959992084174,716,1090
Stochastic covariance,216,89.20173295491702,57.44724950192682,31.7544834529902,784,1056
Stochastic covariance,217,96.4089701205493,65.02522396124733,31.383746159301964,813,1132
Stochastic covariance,218,92.21215934871724,59.58269043791371,32.629468910803524,662,972
Stochastic covariance,219,88.21808048105616,50.12628413838356,38.0917963426726,619,1305
Stochastic covariance,220,70.55593698247606,56.883785321631585,13.67215166084447,764,808
Stochastic covariance,221,101.15688645558627,57.03298432294743,44.12390213263885,908,791
Stochastic covariance,222,89.35109106151506,60.70130400423379,28.649787057281273,589,1456
Stochastic covariance,223,86.66974777322066,60.31036472899198,26.359383044228686,972,974
Stochastic covariance,224,83.74532864458496,55.92066557602527,27.824663068559687,460,849
Stochastic covariance,225,68.9381485316708,63.12198332267582,5.816165208994988,818,1029
Stochastic covariance,226,91.4675685823428,61.51802165576262,29.94954692658019,688,1301
Stochastic covariance,227,97.82561639266024,60.918807263841494,36.90680912881874,680,1184
Stochastic covariance,228,100.84296718099012,58.776361356378004,42.06660582461211,506,1312
Stochastic covariance,229,87.39997758056262,73.16593393417439,14.23404364638823,260,994
Stochastic covariance,230,92.61089811111695,49.68330364101711,42.92759447009984,587,1259
Stochastic covariance,231,88.99171080347716,57.87882058154423,31.11289022193293,902,1143
Stochastic covariance,232,91.7213508639635,62.30164864963058,29.419702214332915,548,903
Stochastic covariance,233,98.62302510060732,56.51349247819603,42.109532622411294,653,1195
Stochastic covariance,234,78.94803171396778,61.67527862096663,17.27275309300115,394,816
Stochastic covariance,235,97.90371994391829,58.84909005185174,39.05462989206655,748,1156
Stochastic covariance,236,72.94595213473154,64.89539518741407,8.050556947317475,876,927
Stochastic covariance,237,88.92914094732141,56.69669585527088,32.23244509205053,585,879
Stochastic covariance,238,92.26934125998004,63.91944508149659,28.349896178483448,654,1240
Stochastic covariance,239,83.03396158894199,66.26664010533159,16.767321483610402,663,859
Stochastic covariance,240,90.1918652646956,66.15859341531085,24.033271849384747,532,1223
Stochastic covariance,241,75.58887278597585,66.1310453285497,9.457827457426148,350,848
Stochastic covariance,242,84.83490930132339,59.96670529452383,24.868204006799566,695,1105
Stochastic covariance,243,90.95125184539928,70.82188812754629,20.129363717852996,653,635
Stochastic covariance,244,74.85873787039252,68.44194970692872,6.416788163463792,898,782
Stochastic covariance,245,88.09320312807992,64.21849669533961,23.87470643274031,804,1255
Stochastic covariance,246,102.278923644894,40.19307013400083,62.085853510893166,654,918
Stochastic covariance,247,93.6110766840807,62.44647215900236,31.16460452507834,786,1113
Stochastic covariance,248,70.71198635357365,62.47414350640079,8.237842847172857,749,900
Stochastic covariance,249,94.56765517524548,58.99701274014963,35.57064243509585,740,871
Stochastic covariance,250,73.70657437791954,60.74999861898756,12.956575758931976,759,743
Stochastic covariance,251,79.2403908073746,64.60352398870172,14.636866818672871,696,950
Stochastic covariance,252,96.9409690414775,60.64839303120514,36.29257601027236,501,943
Stochastic covariance,253,86.68657469727505,57.7925089249676,28.89406577230745,844,895
Stochastic covariance,254,73.42753394373256,62.34003033737795,11.087503606354609,695,1174
Stochastic covariance,255,84.27972141201414,71.64425250578921,12.63546890622493,780,881
Stochastic covariance,256,69.51490745493622,65.4079179016273,4.106989553308921,986,862
Stochastic covariance,257,103.1173282721187,67.5740139049637,35.54331436715499,568,1260
Stochastic covariance,258,96.4424449943892,53.60308927291285,42.83935572147636,914,906
Stochastic covariance,259,91.7309115105893,55.72987227102273,36.001039239566566,922,837
Stochastic covariance,260,82.77001914811383,54.60640672224413,28.1636124258697,517,1104
Stochastic covariance,261,100.69539479258235,66.17819699061643,34.51719780196592,470,1141
Stochastic covariance,262,78.43650573992663,60.52464244790943,17.911863292017202,632,948
Stochastic covariance,263,103.13083945313667,56.80430910005003,46.326530353086646,728,1078
Stochastic covariance,264,83.74057210180739,57.11144399226209,26.6291281095453,735,1178
Stochastic covariance,265,75.51381646086183,65.64296261583159,9.87085384503024,686,922
Stochastic covariance,266,75.18233507405506,78.94125572773895,-3.7589206536838873,688,986
Stochastic covariance,267,86.89881173163874,68.1154987723372,18.78331295930154,667,1145
Stochastic covariance,268,91.12837530949965,59.67851176210175,31.449863547397896,836,1155
Stochastic covariance,269,77.51216179812093,55.39070296411892,22.121458834002006,582,1116
Stochastic covariance,270,76.09416093157087,65.80404419413861,10.290116737432257,583,1006
Stochastic covariance,271,80.21007878566138,61.01557929860392,19.194499487057463,871,1012
Stochastic covariance,272,73.59447813727364,72.499546825082,1.0949313121916333,595,1222
Stochastic covariance,273,75.10044634813386,55.313563994434155,19.786882353699703,534,660
Stochastic covariance,274,82.03887819670081,66.43842950306839,15.600448693632416,437,1340
Stochastic covariance,275,86.61912721746386,56.83646650653321,29.782660710930642,601,1234
Stochastic covariance,276,98.27390937569301,55.17471574510578,43.09919363058723,743,1146
Stochastic covariance,277,85.18397986332724,64.99573432629147,20.18824553703577,755,975
Stochastic covariance,278,77.5595891485871,56.7892581333584,20.77033101522869,667,940
Stochastic covariance,279,76.26025738163536,75.56360547137537,0.6966519102599875,635,1135
Stochastic covariance,280,76.1754118652547,67.53371015040726,8.641701714847443,693,844
Stochastic covariance,281,87.72422982409392,70.14295002404329,17.581279800050638,777,946
Stochastic covariance,282,95.20516697194691,65.43389441457289,29.77127255737402,667,1225
Stochastic covariance,283,84.98815287243534,58.19039399726519,26.797758875170146,1206,714
Stochastic covariance,284,100.10932879481015,61.72682560730404,38.38250318750611,501,1168
Stochastic covariance,285,101.48421758775885,64.88001722300453,36.60420036475432,575,1089
Stochastic covariance,286,82.62253322148696,74.00070754908113,8.621825672405834,511,903
Stochastic covariance,287,89.92006208856901,59.49314127076106,30.426920817807954,735,1005
Stochastic covariance,288,76.95717191503005,61.833340307347775,15.12383160768227,717,826
Stochastic covariance,289,103.47037422752747,59.01887953123086,44.45149469629661,1007,959
Stochastic covariance,290,91.82443991582105,72.32400700378537,19.500432912035677,1057,987
Stochastic covariance,291,76.29796042766544,61.496610438821286,14.801349988844159,658,590
Stochastic covariance,292,76.78172299576653,68.96911375109917,7.812609244667357,771,1099
Stochastic covariance,293,92.98634341811646,67.31336611860297,25.67297729951349,693,826
Stochastic covariance,294,79.51813132438765,62.894270335158744,16.62386098922891,589,1064
Stochastic covariance,295,101.23652094459264,56.37188508836277,44.864635856229874,562,1303
Stochastic covariance,296,77.16716151436533,64.84086220889142,12.32629930547391,881,714
Stochastic covariance,297,88.63510763086411,66.57826318976527,22.056844441098846,449,981
Stochastic covariance,298,79.82045019865222,64.59528370386602,15.225166494786208,897,775
Stochastic covariance,299,69.31954760442694,58.0800563384528,11.239491265974145,762,1111
Stochastic covariance,300,83.93730614651633,57.12264803283788,26.814658113678455,820,840
Stochastic covariance,301,83.29042483628932,55.65668859621144,27.63373624007788,908,1057
Stochastic covariance,302,80.92592127416586,64.97948861664509,15.946432657520774,1254,632
Stochastic covariance,303,84.80978758067154,67.9352581879442,16.87452939272734,607,844
Stochastic covariance,304,95.94759446441685,59.40257086767781,36.54502359673904,692,1115
Stochastic covariance,305,89.05251462888799,61.43233907741364,27.620175551474354,577,1164
Stochastic covariance,306,84.28345490825278,63.007794763524046,21.275660144728732,836,834
Stochastic covariance,307,79.52822808572061,55.44068889509159,24.087539190629023,530,914
Stochastic covariance,308,84.26410305368385,61.40285683902617,22.861246214657683,749,1172
Stochastic covariance,309,88.43926409947744,49.2309360520318,39.20832804744564,615,1027
Stochastic covariance,310,101.30511289258762,61.20795121689607,40.097161675691545,809,897
Stochastic covariance,311,79.67537285165483,62.558356848460605,17.117016003194223,811,863
Stochastic covariance,312,81.0222848499473,69.65311742527696,11.369167424670337,858,844
Stochastic covariance,313,77.47612227256425,58.4500313989877,19.026090873576557,723,1120
Stochastic covariance,314,75.88468444484025,54.69151651614415,21.1931679286961,471,888
Stochastic covariance,315,76.26157451968406,73.24071057677499,3.020863942909074,904,914
Stochastic covariance,316,92.41287008972306,66.24992585641932,26.162944233303733,840,801
Stochastic covariance,317,75.33228612641616,65.73710228995314,9.595183836463022,639,690
Stochastic covariance,318,74.60707997187828,61.00414889497899,13.602931076899289,648,1015
Stochastic covariance,319,79.94824733688091,63.05749308003112,16.89075425684979,839,911
Stochastic covariance,320,80.04116614143987,66.9080666250928,13.133099516347073,754,1078
Stochastic covariance,321,92.85358021903073,64.97652603833713,27.877054180693605,497,1189
Stochastic covariance,322,91.80169724107718,53.78034382769173,38.02135341338545,953,859
Stochastic covariance,323,79.53690433506267,66.355035329041,13.181869006021671,600,1071
Stochastic covariance,324,74.13272633126068,68.52188039262238,5.610845938638306,676,848
Stochastic covariance,325,82.63329823303651,60.38346312004311,22.249835112993402,566,897
Stochastic covariance,326,96.6632455163089,57.824219352774364,38.83902616353454,723,1010
Stochastic covariance,327,95.77798960673778,65.41900986032636,30.35897974641142,690,1034
Stochastic covariance,328,96.79622076756664,56.10370963787149,40.69251112969515,971,999
Stochastic covariance,329,95.65918046788133,65.7482452125088,29.91093525537252,791,939
Stochastic covariance,330,89.71744277629104,63.13502139811473,26.582421378176306,756,774
Stochastic covariance,331,82.68298702417965,74.0580697432671,8.624917280912555,1007,834
Stochastic covariance,332,81.8568111474748,64.49565140827372,17.361159739201085,671,1013
Stochastic covariance,333,80.18636696708884,62.85592588769242,17.330441079396422,832,920
Stochastic covariance,334,83.53350286169156,57.179775966289306,26.353726895402254,1030,845
Stochastic covariance,335,92.02285935422094,50.12701078199027,41.89584857223067,970,857
Stochastic covariance,336,84.45570998432363,67.19067595401478,17.265034030308854,1030,812
Stochastic covariance,337,88.94440431031487,51.02529523887491,37.919109071439955,825,1035
Stochastic covariance,338,92.03863941667635,54.31232495603748,37.72631446063887,684,1111
Stochastic covariance,339,85.04213596685628,56.67334354679756,28.368792420058718,751,1174
Stochastic covariance,340,84.78682094338797,61.3433370522623,23.443483891125666,760,997
Stochastic covariance,341,79.35304428040925,76.26146970230127,3.0915745781079806,709,809
Stochastic covariance,342,94.46868479617318,55.138130184401305,39.33055461177187,684,1004
Stochastic covariance,343,86.09093019941335,56.35412209037186,29.73680810904149,845,940
Stochastic covariance,344,101.06636906503171,54.27501355718397,46.79135550784774,751,1118
Stochastic covariance,345,81.16082749380402,66.33303725787957,14.827790235924454,918,1046
Stochastic covariance,346,75.18936525237197,68.22718954348608,6.962175708885894,1111,810
Stochastic covariance,347,96.91032272020881,57.55877889028465,39.35154382992416,806,674
Stochastic covariance,348,71.19269102855131,78.23187918961432,-7.039188161063009,637,1134
Stochastic covariance,349,85.07027703426108,60.444105005515105,24.626172028745977,725,929
Stochastic covariance,350,79.5720393390383,62.23871079938333,17.33332853965497,787,839
Stochastic covariance,351,73.73096466781992,42.29396770612309,31.436996961696828,818,819
Stochastic covariance,352,89.45378256156232,68.66041704717436,20.793365514387958,933,618
Stochastic covariance,353,89.81845515683132,64.3875110698284,25.430944087002914,618,902
Stochastic covariance,354,65.59397702840249,63.716052051158556,1.8779249772439357,516,1095
Stochastic covariance,355,85.73479759898713,48.22752662821812,37.50727097076901,740,1289
Stochastic covariance,356,80.11675966707475,71.59435544538815,8.5224042216866,705,1152
Stochastic covariance,357,78.26734665702422,52.42012030956052,25.847226347463703,526,952
Stochastic covariance,358,75.99863833818387,65.81459670769623,10.184041630487641,644,1053
Stochastic covariance,359,82.75741648524127,67.09984877659384,15.65756770864742,711,1296
Stochastic covariance,360,97.27562924335061,48.40746851811992,48.86816072523069,837,942
Stochastic covariance,361,82.19287364946354,66.2136551535783,15.979218495885235,721,1222
Stochastic covariance,362,74.27541818362937,65.75361105586973,8.521807127759644,885,630
Stochastic covariance,363,83.68958245219575,60.26540172790786,23.424180724287893,851,1009
Stochastic covariance,364,80.36770033195872,66.35512716161345,14.012573170345263,647,1033
Stochastic covariance,365,85.9328261360888,65.46273982841788,20.470086307670925,550,963
Stochastic covariance,366,87.967665423503,71.34116528496125,16.626500138541758,545,1219
Stochastic covariance,367,105.68348153962955,57.457420369542575,48.22606117008698,755,1090
Stochastic covariance,368,75.97325007957673,56.275451632042525,19.697798447534204,945,908
Stochastic covariance,369,105.7740833925651,55.62802216424239,50.146061228322715,757,1071
Stochastic covariance,370,84.64183801562184,70.646445502273,13.995392513348847,638,1012
Stochastic covariance,371,84.77092021463471,61.365294448378634,23.40562576625608,734,1046
Stochastic covariance,372,90.41341289251321,61.350442696242176,29.06297019627103,656,1037
Stochastic covariance,373,77.42379487979137,61.1282589426437,16.295535937147676,624,530
Stochastic covariance,374,83.48487195954714,72.23188163983566,11.252990319711472,1165,697
Stochastic covariance,375,89.08449530236464,58.96281176540721,30.121683536957434,451,1081
Stochastic covariance,376,100.73705791433339,55.43719328077835,45.29986463355504,571,934
Stochastic covariance,377,86.07765287021793,48.56575191988022,37.51190095033771,904,936
Stochastic covariance,378,98.49755868147813,69.27144263287549,29.226116048602634,607,1360
Stochastic covariance,379,90.12611306315101,54.34905356558278,35.77705949756823,889,947
Stochastic covariance,380,84.68273725966692,60.0659738296784,24.616763429988524,765,634
Stochastic covariance,381,84.82102987767327,62.217108048327695,22.603921829345573,796,655
Stochastic covariance,382,79.85671296081264,61.17626404677926,18.680448914033384,598,1086
Stochastic covariance,383,74.60501740276081,47.513871332474935,27.091146070285873,945,781
Stochastic covariance,384,81.30594656947432,73.93682322464406,7.369123344830257,851,1120
Stochastic covariance,385,82.04704214682994,60.64122700654438,21.405815140285554,685,946
Stochastic covariance,386,76.7448404735845,54.88971574808002,21.85512472550448,826,1195
Stochastic covariance,387,88.5742707234389,58.17298566067551,30.401285062763392,701,648
Stochastic covariance,388,84.72550438050787,62.219720353777525,22.505784026730346,651,1036
Stochastic covariance,389,101.31905660109456,64.33552240910943,36.98353419198513,1137,919
Stochastic covariance,390,111.34864509873825,49.754535944263786,61.59410915447446,1028,1052
Stochastic covariance,391,88.64078857691817,58.902879551147635,29.737909025770534,697,1014
Stochastic covariance,392,102.55044592797307,50.507549892085294,52.04289603588778,884,685
Stochastic covariance,393,78.87699626182992,56.35336765657911,22.523628605250806,652,931
Stochastic covariance,394,78.33494723257407,64.5283433090132,13.806603923560871,693,1068
Stochastic covariance,395,99.39205974251301,63.62065154732998,35.771408195183035,714,704
Stochastic covariance,396,90.10924261298273,61.79114703860847,28.318095574374254,838,936
Stochastic covariance,397,94.30584449604221,59.58766719255134,34.71817730349087,768,920
Stochastic covariance,398,94.25765537967015,65.29495732245876,28.962698057211398,528,1047
Stochastic covariance,399,79.62708024110164,70.17284235945222,9.45423788164942,639,938
Stochastic covariance,400,100.0913487832104,62.83367308435769,37.257675698852715,792,1108
Stochastic covariance,401,92.44329719790274,56.034811854967984,36.40848534293475,776,824
Stochastic covariance,402,87.8232341694615,51.5369413300359,36.2862928394256,726,854
Stochastic covariance,403,93.31535251279851,59.31321352202854,34.00213899076997,558,1279
Stochastic covariance,404,70.66440860824284,62.760654147622596,7.903754460620242,676,961
Stochastic covariance,405,97.02634514976161,57.35982199722714,39.666523152534474,695,1177
Stochastic covariance,406,80.57584295954219,58.66930720190031,21.906535757641876,953,880
Stochastic covariance,407,90.55289336773434,69.56300316590264,20.9898902018317,618,777
Stochastic covariance,408,87.4183290055777,63.63463772763034,23.783691277947362,589,841
Stochastic covariance,409,91.7224178224443,65.21138720381292,26.51103061863138,1021,920
Stochastic covariance,410,84.26833439876643,56.80542868012114,27.46290571864529,673,1054
Stochastic covariance,411,79.91818287953843,63.51529202854015,16.402890850998283,682,1072
Stochastic covariance,412,100.557099882855,56.28873211698448,44.26836776587052,842,688
Stochastic covariance,413,74.53117300798976,66.39610405369741,8.13506895429235,794,1188
Stochastic covariance,414,91.03535757037264,50.05788565543396,40.97747191493868,720,1044
Stochastic covariance,415,103.55695947318786,48.98079723200248,54.57616224118538,624,1153
Stochastic covariance,416,93.17331314637822,50.683845981943584,42.489467164434636,626,1055
Stochastic covariance,417,77.22494076351582,53.42874362449705,23.796197139018766,737,914
Stochastic covariance,418,84.10176413791076,66.80671658214165,17.295047555769116,654,825
Stochastic covariance,419,83.37065260251003,68.19316980807861,15.177482794431427,889,824
Stochastic covariance,420,77.18978552204538,56.77252590608083,20.417259615964554,993,647
Stochastic covariance,421,96.37644266961689,60.55162853689275,35.82481413272414,674,1049
Stochastic covariance,422,78.58743905037379,73.28401341494018,5.303425635433612,587,963
Stochastic covariance,423,100.86981680896838,69.28890111316248,31.5809156958059,752,1049
Stochastic covariance,424,74.02941841336535,70.82360413455753,3.2058142788078214,629,1133
Stochastic covariance,425,111.12199184620435,47.87203987957633,63.249951966628025,613,826
Stochastic covariance,426,98.76495861442227,60.9938066949317,37.77115191949057,456,989
Stochastic covariance,427,90.34949388135894,55.59142308974751,34.75807079161143,796,1163
Stochastic covariance,428,92.51577029992056,46.42683987258822,46.08893042733234,774,1090
Stochastic covariance,429,93.90429882838428,61.948641885264195,31.95565694312009,788,1077
Stochastic covariance,430,87.31823624149672,51.01881978337001,36.29941645812671,1116,1002
Stochastic covariance,431,85.10838905437697,61.41596370559271,23.692425348784262,1202,768
Stochastic covariance,432,91.29720472965296,56.19232743563227,35.10487729402069,693,1146
Stochastic covariance,433,81.30455371183535,42.47582195847628,38.82873175335907,585,1165
Stochastic covariance,434,82.32549501834114,72.04955621402225,10.275938804318898,1116,949
Stochastic covariance,435,86.42976130761957,52.48743435017306,33.94232695744651,747,1291
Stochastic covariance,436,82.39605797386852,59.01578192495405,23.380276048914475,863,1207
Stochastic covariance,437,78.42067150448533,59.328929466016696,19.09174203846863,587,1161
Stochastic covariance,438,77.10519010012499,63.872068215685466,13.23312188443952,684,1161
Stochastic covariance,439,93.70044438777994,48.72387465933815,44.97656972844179,791,982
Stochastic covariance,440,87.91768606523677,64.22485565808051,23.69283040715625,777,1119
Stochastic covariance,441,89.77248942777642,59.685557263319666,30.086932164456755,1000,1059
Stochastic covariance,442,94.937278496669,61.33281711595297,33.604461380716025,644,1047
Stochastic covariance,443,99.12940677457347,58.24306828551204,40.88633848906143,665,879
Stochastic covariance,444,77.13846865509652,72.97887935387969,4.159589301216826,740,1083
Stochastic covariance,445,82.37709327830648,52.62613763257897,29.750955645727508,841,1227
Stochastic covariance,446,71.45687880314158,59.078419464674,12.378459338467579,791,964
Stochastic covariance,447,95.65151018289681,59.54497809503254,36.106532087864274,772,829
Stochastic covariance,448,97.96728515299299,67.00968470256316,30.957600450429823,636,869
Stochastic covariance,449,84.03025161827841,75.88108647902871,8.149165139249703,583,1120
Stochastic covariance,450,95.38176312633406,59.835797934652554,35.54596519168151,579,1269
Stochastic covariance,451,76.99718573602836,59.1509569191295,17.846228816898858,817,885
Stochastic covariance,452,89.91320726213196,62.676410498606636,27.236796763525327,578,935
Stochastic covariance,453,84.66847890675834,66.02453779819572,18.643941108562615,821,846
Stochastic covariance,454,84.87046538671117,58.922422093135445,25.94804329357573,881,808
Stochastic covariance,455,96.77500324780598,65.22740206164669,31.547601186159298,1132,715
Stochastic covariance,456,77.74599463639164,68.29643952683804,9.4495551095536,681,1076
Stochastic covariance,457,69.32349940156709,62.17727941711336,7.1462199844537295,913,816
Stochastic covariance,458,72.80115467922053,66.22675033267097,6.5744043465495565,612,801
Stochastic covariance,459,85.51073222757707,59.996581028167704,25.514151199409362,676,942
Stochastic covariance,460,93.61345783223855,66.68065680903642,26.93280102320213,519,1081
Stochastic covariance,461,81.29424251097976,69.8782506580731,11.415991852906657,984,900
Stochastic covariance,462,84.13838868928288,60.98408399482775,23.154304694455128,755,1205
Stochastic covariance,463,87.26687078288323,57.806180069070706,29.460690713812525,705,1376
Stochastic covariance,464,98.74378935068296,68.87579600015358,29.867993350529375,608,1177
Stochastic covariance,465,81.52152878648567,59.297628544009655,22.22390024247602,837,1093
Stochastic covariance,466,72.03794524505457,73.18728760558342,-1.1493423605288484,876,806
Stochastic covariance,467,96.40056168758944,56.019896892402976,40.38066479518647,741,1076
Stochastic covariance,468,87.37958813155595,59.875539122993246,27.504049008562703,887,987
Stochastic covariance,469,93.98862815405535,70.55761108810921,23.431017065946136,583,1260
Stochastic covariance,470,93.2503435066731,61.448311882117274,31.80203162455583,614,969
Stochastic covariance,471,92.14220537801144,64.58770644222238,27.554498935789056,758,946
Stochastic covariance,472,94.39676984421807,60.2428780905537,34.15389175366437,732,830
Stochastic covariance,473,90.91616690294428,52.423110354789884,38.4930565481544,735,1047
Stochastic covariance,474,93.6820551230217,55.31525454727401,38.36680057574769,922,884
Stochastic covariance,475,91.06236669764169,63.401303315345324,27.66106338229637,337,874
Stochastic covariance,476,67.31292654064141,57.79959474230161,9.513331798339806,519,1142
Stochastic covariance,477,84.1493186223161,67.20999433664119,16.939324285674914,813,1055
Stochastic covariance,478,102.46009349457134,55.718840424100954,46.741253070470385,603,998
Stochastic covariance,479,85.30100537838725,69.20513639302212,16.09586898536513,494,1083
Stochastic covariance,480,72.68954666769979,64.36430297029733,8.325243697402456,892,896
Stochastic covariance,481,81.05326196069298,58.48896946134324,22.56429249934974,841,902
Stochastic covariance,482,87.22556912268853,67.53248993402293,19.693079188665592,885,969
Stochastic covariance,483,84.5941801360453,57.38433849929291,27.209841636752387,598,1118
Stochastic covariance,484,89.73366800329727,64.93920682925364,24.794461174043633,786,953
Stochastic covariance,485,85.4820942610705,60.46613454013071,25.01595972093979,623,1172
Stochastic covariance,486,83.49258233147316,60.67783222789949,22.814750103573665,611,1038
Stochastic covariance,487,99.61789825464038,60.00777154071605,39.61012671392433,719,1438
Stochastic covariance,488,87.31300827631948,62.46260599866331,24.850402277656173,926,1038
Stochastic covariance,489,100.91333788264498,39.660370871167395,61.25296701147759,740,929
Stochastic covariance,490,70.74319716764946,66.80556983120427,3.937627336445189,520,1170
Stochastic covariance,491,86.23182871252276,45.36593595450788,40.86589275801487,810,934
Stochastic covariance,492,94.00392443448533,54.530865022541704,39.47305941194362,688,848
Stochastic covariance,493,83.44845792490663,51.525262109688924,31.92319581521771,668,1043
Stochastic covariance,494,93.83087079859303,61.5440685957242,32.28680220286883,649,1261
Stochastic covariance,495,79.34840305405064,55.22128274299082,24.127120311059812,717,1035
Stochastic covariance,496,79.66000981804848,59.030676033893805,20.629333784154674,618,1042
Stochastic covariance,497,95.28705842137211,50.43292109941802,44.85413732195409,540,1263
Stochastic covariance,498,75.97106998382472,57.88385176172148,18.08721822210324,791,1181
Stochastic covariance,499,83.1840796248251,56.56566551345601,26.61841411136909,923,890
